Canonical SMILES,Mol_Id,measured log(solubility:mol/L),ESOL predicted log(solubility:mol/L),RDKit_clogSw
ClC(Cl)Cl,ESOL_Trichloromethane,-1.17,-1.812,-2.048577693995
O=C1CN(N=Cc2ccc([N+](=O)[O-])o2)C(=O)N1,ESOL_nitrofurantoin,-3.38,-1.243,-1.4884600978561173
CCCC1COC(Cn2cncn2)(c2ccc(Cl)cc2Cl)O1,ESOL_Propiconazole,-3.493,-4.603,-4.8918977954850025
NC(=O)c1cccnc1,ESOL_nicotinamide,0.61,-0.964,-0.9469855471853331
CCCC(=O)OCN1C(=O)NC(c2ccccc2)(c2ccccc2)C1=O,ESOL_3-Butanoyloxymethylphenytoin,-5.071,-3.469,-4.268931869930693
C=Cc1ccccc1,ESOL_Styrene,-2.82,-2.85,-2.450761180859
CCC(=C(CC)c1ccc(O)cc1)c1ccc(O)cc1,ESOL_diethylstilbestrol,-4.07,-5.074,-5.316222040289004
COc1c(O)c(Cl)c(Cl)c(Cl)c1Cl,ESOL_tetrachloroguaiacol,-4.02,-4.299,-4.666405793912693
CCNc1nc(Cl)nc(NC(C)C)n1,ESOL_Atrazine,-3.85,-3.069,-2.6333656011268567
CC1=CC(=O)CC(C)(C)C1,ESOL_isophorone,-1.06,-2.015,-2.4249841041530003
CCCCBr,ESOL_1-Bromobutane,-2.37,-2.303,-2.2810736447449997
Cc1ccnc(C)c1,"ESOL_""2,4-Dimethylpyridine""",0.38,-2.098,-2.0182275678458
CCSC(=O)N(CC(C)C)CC(C)C,ESOL_Butylate,-3.68,-3.453,-3.7049342285120015
COc1ccc(C=O)cc1,ESOL_p-Methoxybenzaldehyde,-1.49,-2.252,-1.9878486583459998
CCCCCC=O,ESOL_Caproaldehyde,-1.3,-1.457,-1.691439118529
CCOP(=S)(NC(C)C)Oc1ccccc1C(=O)OC(C)C,ESOL_Isofenphos,-4.194,-4.538,-4.944889257645369
Nc1ccc2cc3ccccc3cc2c1,ESOL_2-aminoanthracene,-5.17,-3.789,-4.059083180187668
Oc1ccc(Br)cc1,ESOL_4-Bromophenol,-1.09,-3.132,-2.8023815604860003
Cc1cc(Cl)ccc1N=CN(C)C,ESOL_chlordimeform,-2.86,-3.164,-3.359507051576093
NS(=O)(=O)c1cc2c(cc1Cl)NC(C(Cl)Cl)NS2(=O)=O,ESOL_Trichlomethiazide,-2.68,-2.98,-3.0251492485370006
O=C1CC(c2ccc(O)c(O)c2)Oc2cc(O)cc(O)c21,ESOL_Eriodictyol,-3.62,-3.152,-3.547772726559143
OC(c1ccccc1)c1ccccc1,ESOL_benzhydrol,-2.55,-3.033,-3.340347369393715
CC(=O)Nc1ccc([N+](=O)[O-])cc1,ESOL_4-Nitroacetanilide,-2.692,-2.219,-2.254359197588692
Cc1ccc(N)cc1,ESOL_p-Methylaniline,-1.21,-1.954,-1.9282180485164
O=C(Nc1ccccc1)c1ccccc1I,ESOL_benodanil,-4.21,-4.245,-4.801486947662001
COC(=O)C1=C(C)NC(C)=C(C(=O)OC)C1c1ccccc1[N+](=O)[O-],ESOL_nifedipine,-4.76,-4.248,-3.714340076129001
CC12CC(=O)C3C(CCC4=CC(=O)CCC43C)C1CCC2=O,ESOL_adrenosterone,-3.48,-2.99,-4.223263750595002
O=[N+]([O-])c1cccc([N+](=O)[O-])c1,"ESOL_""1,3-Dinitrobenzene""",-2.29,-2.281,-2.1650087329769994
Cc1c[nH]c(=O)nc1N,ESOL_5-methylcytosine,-1.458,-0.257,-0.2391811124777331
OC1CCCCCC1,ESOL_Cycloheptanol,-0.88,-1.7,-1.8019305905720002
CC1=C2C3OC(=O)C(C)C3CCC2(C)C=CC1=O,ESOL_Santonin,-3.09,-2.43,-3.228662217359
CC(=O)N(c1onc(C)c1C)S(=O)c1ccc(N)cc1,ESOL_acetyl sulfisoxazole,-3.59,-2.024,-3.3295646881888006
ClC1=C(Cl)C(Cl)(C2(Cl)C(Cl)=C(Cl)C(Cl)=C2Cl)C(Cl)=C1Cl,ESOL_Dienochlor,-7.278,-7.848,-8.696956498679
CCc1cccc(C)c1N(C(=O)CCl)C(C)COC,ESOL_Metolachlor,-2.73,-3.431,-4.03647218394519
Clc1ccccc1Br,ESOL_o-Chlorobromobenzene,-3.19,-3.84,-3.630902970692
Clc1ccccc1-c1ccccc1Cl,"ESOL_""2,2'-PCB""",-5.27,-4.984,-5.023933658460716
CCCC=O,ESOL_Butyraldehyde,-0.01,-0.749,-0.9539975771750001
CCCN(CCC)c1c([N+](=O)[O-])cc(C(F)(F)F)cc1[N+](=O)[O-],ESOL_Trifluralin,-5.68,-5.205,-5.080070332794047
COP(=S)(OC)Oc1ccc(Sc2ccc(OP(=S)(OC)OC)cc2)cc1,ESOL_Abate,-6.237,-6.678,-7.101171326039227
c1ccc2cc3ccccc3cc2c1,ESOL_Anthracene,-6.35,-4.518,-4.291420854577002
Clc1cccc(-c2ccccc2)c1,ESOL_3-Chlorobiphenyl,-4.88,-4.685,-4.329206893122387
CCCCCCCCCCCCCC,ESOL_Tetradecane,-7.96,-5.45,-5.172060497465004
CC(=O)Nc1ccc(F)cc1,ESOL_p-Fluoroacetanilide,-1.78,-2.181,-2.2887417705467272
CCC1(CC=C(C)C)C(=O)NC(=O)NC1=O,ESOL_5-(3-Methyl-2-butenyl)-5-ethylbarbital,-2.253,-2.126,-2.056091207143999
COc1ccccc1Cl,ESOL_2-Chloroanisole,-2.46,-2.912,-2.6952239024723337
Cc1cc2c3ccccc3ccc2c2ccccc12,ESOL_6-Methylchrysene,-6.57,-5.931,-5.791465962111772
Cc1ccc(C(C)C)cc1,ESOL_4-Isopropyltoluene,-3.77,-3.617,-3.186623444440402
CCCCCCCCCCCCCCO,ESOL_1-Tetradecanol,-5.84,-4.231,-4.5014328389630025
ClC(Cl)Br,ESOL_Bromodichloromethane,-1.54,-2.176,-2.465111004692
CCCCC(C)(O)CC,ESOL_3-Methyl-3-heptanol,-1.6,-2.017,-2.3195313464689997
C=C(C)CC,ESOL_2-Methyl-1-Butene,-2.73,-1.994,-1.689418062092
O=C1c2ccccc2C(=O)c2ccccc21,ESOL_Anthraquinone,-5.19,-3.34,-3.2686678138070007
CCCSCCC,ESOL_Di-n-propylsulfide,-2.58,-2.307,-2.3884605437090007
CN(C)C(=O)NC1CCCCCCC1,ESOL_Cycluron,-2.218,-2.629,-2.8201878633019994
CCN(CC)c1nc(Cl)nc(N(CC)CC)n1,ESOL_Chlorazine,-4.411,-3.663,-3.1864500812679406
CCC1(C)C(=O)NC(=O)NC1=O,ESOL_5-Methyl-5-ethylbarbituric acid,-1.228,-0.911,-0.7295580337159994
Cc1ccc(C)cc1,ESOL_p-Xylene,-2.77,-3.035,-2.4607764877958003
Clc1ccccc1Cl,"ESOL_""1,2-Dichlorobenzene""",-3.05,-3.482,-3.249268582685
Clc1ccc(Cl)c(Cl)c1Cl,"ESOL_""1,2,3,4-Tetrachlorobenzene""",-4.57,-4.546,-4.632288276521001
OCC1OC(O)C(O)C(O)C1O,ESOL_glucose,0.74,0.501,1.4231323832110008
O=C1C(Cl)C(CCl)CN1c1cccc(C(F)(F)F)c1,ESOL_Flurochloridone,-4.047,-4.749,-4.5513108598707905
O=[N+]([O-])c1cc([N+](=O)[O-])cc([N+](=O)[O-])c1,"ESOL_""1,3,5-Trinitrobenzene""",-2.89,-2.324,-2.3498722400410004
O=[N+]([O-])C(Cl)(Cl)Cl,ESOL_Chloropicrin,-2,-1.866,-2.0433440900330004
CC1CC2C3CC(F)C4=CC(=O)C=CC4(C)C3(F)C(O)CC2(C)C1(O)C(=O)CO,ESOL_Flumethasone,-5.613,-3.539,-3.879589275416001
N#Cc1c(Cl)c(Cl)c(Cl)c(C#N)c1Cl,ESOL_Chlorothalonil,-5.64,-3.995,-4.719184066171057
CNc1cnn(-c2cccc(C(F)(F)F)c2)c(=O)c1Cl,ESOL_norflurazon,-4.046,-4.029,-4.1732742668450005
Cc1ccccc1[N+](=O)[O-],ESOL_o-Nitrotoluene,-2.33,-2.589,-2.3040217141364003
CC(=O)CC(C)C,ESOL_4-Methyl-2-pentanone,-0.74,-1.184,-1.6160516866219998
N=C(N)NS(=O)(=O)c1ccc(N)cc1,ESOL_sulfaguanidine,-1.99,-0.706,-0.9045016734637572
CC(C)=CCC1(C(C)C)C(=O)NC(=O)NC1=O,ESOL_5-(3-Methyl-2-butenyl)-5-isoPrbarbital,-2.593,-2.465,-2.3336189559139995
CC12CCC3C(CCC4CC(=O)CCC43C)C1CCC2O,ESOL_Stanolone,-4.743,-3.882,-4.670315358074002
BrCBr,ESOL_Dibromomethane,-1.17,-1.883,-2.2292357086159997
CC12CCC(=O)C=C1CCC1C3CCC(C(=O)CO)C3(C=O)CC(O)C12,ESOL_aldosterone,-3.85,-3.066,-3.527068904606
COc1ccccc1O,ESOL_o-Methoxyphenol,-1.96,-1.941,-1.8667024922663331
CC(C)C(O)C(C)C,"ESOL_""2,4-Dimethyl-3-pentanol""",-1.22,-1.647,-1.7526189419779998
C=C(C)C(=C)C,"ESOL_""2,3-Dimethyl-1,3-Butadiene""",-2.4,-2.052,-1.8939833334890002
OCC(O)C(O)CO,ESOL_Erythritol,0.7,0.675,1.1684227601769999
CC(C)OC(=O)Nc1cccc(Cl)c1,ESOL_Chloropham,-3.38,-3.544,-3.7481746922728583
c1cc2ccc3cccc4ccc(c1)c2c34,ESOL_Pyrene,-6.176,-4.957,-4.8927182312470014
CC1Cc2ccccc2N1NC(=O)c1ccc(Cl)c(S(N)(=O)=O)c1,ESOL_Indapamide,-3.586,-4.345,-3.9016470503850003
N#Cc1cc(I)c(O)c(I)c1,ESOL_Ioxynil,-3.61,-4.615,-4.3046564609213265
CC(C)=CCCC(C)=CCO,ESOL_Nerol,-2.46,-2.603,-2.729849937695001
CNC(=O)Oc1cc(C)cc(C)c1,ESOL_XMC,-2.581,-2.688,-2.5958057580674927
CCC(C)C(=O)OC1CC(C)C=C2C=CC(C)C(CCC3CC(O)CC(=O)O3)C21,ESOL_Lovastatin,-6.005,-4.731,-5.506874388902005
NS(=O)(=O)c1cc2c(cc1Cl)NCNS2(=O)=O,ESOL_hydrochlorothiazide,-2.63,-1.72,-1.6285002135189415
FC(F)(Cl)C(F)(Cl)Cl,"ESOL_""1,1,2-Trichlorotrifluoroethane""",-3.04,-3.077,-3.18504869162
CC(=O)OCN1C(=O)NC(c2ccccc2)(c2ccccc2)C1=O,ESOL_3-Ethanoyloxymethylphenytoin,-4.47,-2.723,-3.5451378612689997
c1ccc2c(c1)c1cccc3ccc4cccc2c4c31,ESOL_Benzo(e)pyrene,-7.8,-6.007,-6.087562421611002
ClCCl,ESOL_Dichloromethane,-0.63,-1.156,-1.396169087222
Cc1ccc(C(C)C)cc1O,ESOL_Carvacrol,-2.08,-3.224,-3.0568698871751283
C#CCCC,ESOL_1-Pentyne,-1.64,-1.446,-1.2653130200359999
CC(C)C(C)(C)C,"ESOL_""2,2,3-Trimethylbutane""",-4.36,-2.922,-2.4244346489120012
Clc1cc(-c2cc(Cl)c(Cl)c(Cl)c2Cl)c(Cl)c(Cl)c1Cl,"ESOL_""2,2',3,3',4,4',5,5'-PCB""",-9.16,-8.468,-9.241425368183
CN(C)C(=O)NC1CC2CC1C1CCCC21,ESOL_Norea,-3.171,-2.47,-2.7686526265879996
CCCCCCOC(=O)c1ccccc1C(=O)OCCCCCC,ESOL_Dihexyl phthalate,-6.144,-5.758,-5.727679753483006
c1ccc2c(c1)CCCC2,"ESOL_""1,2,3,4-Tetrahydronapthalene""",-4.37,-3.447,-2.7781606357250004
Cc1cc(OC(=O)N(C)C)n(-c2ccccc2)n1,ESOL_Pyrolan,-2.09,-3.141,-3.242831822124956
Cc1cccc2c(C)cccc12,"ESOL_""1,5-Dimethlnapthalene""",-4.679,-4.147,-3.685190332326468
Cc1cc2ccccc2c2ccc3ccccc3c12,ESOL_5-Methylchrysene,-6.59,-5.931,-5.791465962111772
CC(C)CCO,ESOL_3-Methylbutan-1-ol,-0.51,-1.027,-1.091752880963
ClC12C3(Cl)C4(Cl)C5(Cl)C(Cl)(C1(Cl)C4(Cl)Cl)C2(Cl)C(Cl)(Cl)C35Cl,ESOL_Mirex,-6.8,-6.155,-8.076576928277
CCOc1ccc(NC(N)=O)cc1,ESOL_Dulcin,-2.17,-2.167,-2.255706618917692
Clc1cccc(C(Cl)(Cl)Cl)n1,ESOL_Nitrapyrin,-3.76,-3.833,-4.150316595148728
C#C,ESOL_Ethyne,0.29,-0.252,-0.12753952800499999
CCCCCC(C)C,ESOL_2-Methylheptane,-5.08,-3.308,-2.8685428514960014
Oc1cccc(Cl)c1,ESOL_3-Chlorophenol,-0.7,-2.761,-2.420747172479
CC(C)N(C(=O)CCl)c1ccccc1,ESOL_propachlor,-2.48,-3.018,-3.266969634545858
CCCCCCC(C)=O,ESOL_2-Octanone,-2.05,-1.909,-2.4446862498830004
c1cncnc1,ESOL_Pyrimidine,1.1,-0.884,-1.0166346339489998
CC(C)C1CCC(C)CC1O,ESOL_menthol,-2.53,-2.782,-2.6187082468820013
CCCCCCCI,ESOL_1-Iodoheptane,-4.81,-3.904,-3.7348747706030023
CC(Cl)CCl,"ESOL_""1,2-Dichloropropane""",-1.6,-1.794,-1.890124648292
CC(C)CCCO,ESOL_4-Methylpentanol,-1.14,-1.381,-1.4604736516399999
c1ccoc1,ESOL_Furane,-0.82,-1.837,-1.531628395009
Cc1ccc(OP(=O)(Oc2cccc(C)c2)Oc2ccccc2C)cc1,ESOL_Tricresyl phosphate,-6.01,-6.39,-7.054209888803743
CC(=O)OCC(=O)C1CCC2C3CCC4=CC(=O)CCC4(C)C3CCC12C,ESOL_deoxycorticosterone acetate,-4.63,-4.472,-5.390457666026005
CCC(=O)CC,ESOL_3-Pentanone,-0.28,-0.912,-1.338523937852
O=C1NCCN1c1ncc([N+](=O)[O-])s1,ESOL_Niridazole,-3.22,-1.948,-1.7413938141957144
CC=C(C)C,ESOL_2-Methy-2-Butene,-2.56,-1.994,-1.705223652092
Clc1cccc(Cl)c1-c1c(Cl)cccc1Cl,"ESOL_""2,2',6,6'-PCB""",-7.39,-5.915,-6.422160603011001
Oc1ccc(Cl)cc1Cl,"ESOL_""2,4-Dichlorophenol """,-1.55,-3.22,-3.1093000539803333
C=CCC1(CC)C(=O)NC(=O)NC1=O,ESOL_5-Allyl-5-ethylbarbital,-1.614,-1.368,-1.2870384857899992
CCC[N+](=O)[O-],ESOL_1-Nitropropane,-0.8,-0.816,-0.8369893042039999
CCSSCC,ESOL_Diethyldisulfide,-2.42,-2.364,-2.3333922577190007
CC12CCC3C(CCC4=CC(=O)CCC43C)C1CCC2O,ESOL_Testosterone,-4.02,-3.659,-4.597352880701003
Oc1ccccc1,ESOL_Phenol,0,-1.991,-1.7406427635967143
Nc1ccccc1Cl,ESOL_o-Chloroaniline,-1.52,-2.392,-2.322464095961
CCC(C)n1c(=O)[nH]c(C)c(Br)c1=O,ESOL_Bromacil,-2.523,-3.419,-2.466951907547257
O=C1NC(=O)C2(CCCC2)C(=O)N1,ESOL_Cyclopentyl-5-spirobarbituric acid,-2.349,-0.966,-0.9335932291729999
Nc1ccc(S(=O)(=O)c2ccc(N)cc2)cc1,ESOL_Dapsone,-3.094,-2.464,-2.9147024924488822
CCC(O)CC,ESOL_3-Pentanol,-0.24,-0.97,-1.197563444438
Ic1ccccc1,ESOL_Iodobenzene,-3.01,-3.8,-3.1514163821767145
O=C(NC(=O)c1c(F)cccc1F)Nc1ccc(Cl)cc1,ESOL_difluron,-6.02,-4.692,-4.649515910601144
CCNC(=S)NCC,"ESOL_""1,3-diethylthiourea""",-1.46,-1.028,-0.961388041748
OC1CCCCC1,ESOL_Cyclohexanol,-0.44,-1.261,-1.4174042298949998
CCCCCCCCCCCCCCCC,ESOL_Hexadecane,-8.4,-6.159,-5.909502038819006
ClCCCCl,"ESOL_""1,3-Dichloropropane""",-1.62,-1.618,-1.8755071067240001
O=[N+]([O-])c1cccc(Cl)c1Cl,"ESOL_""2,3-Dichloronitrobenzene""",-3.48,-3.322,-3.397035614521729
Cc1cc(C)c(O)c(C)c1,"ESOL_""2,4,6-Trimethylphenol""",-2.05,-2.941,-2.6210287239812002
O=[N+]([O-])c1cccc(O)c1,ESOL_m-Nitrophenol,-1.01,-2.318,-1.8697463513749997
CC(C)C(C)O,ESOL_3-Methyl-2-butanol,-0.18,-0.954,-1.1063704225309998
Clc1c(Cl)c(Cl)c(-c2c(Cl)c(Cl)c(Cl)c(Cl)c2Cl)c(Cl)c1Cl,"ESOL_""2,2',3,3',4,4',5,5',6,6'-PCB""",-11.6,-9.589,-10.65831575679173
CSCS(=O)CC(CO)NC(=O)C=Cc1c(C)[nH]c(=O)[nH]c1=O,"ESOL_""Sparsomycin (3,8mg/ml)""",-1.981,-1.57,-0.6517159247064449
Oc1c(Cl)cc(Cl)cc1Cl,"ESOL_""2,4,6-Trichlorophenol""",-2.34,-3.648,-3.8037668663149997
C#CC1(O)CCC2C3CCC4=CC(=O)CCC4(O)C3CCC21C,ESOL_Norethisterone,-4.57,-2.669,-3.828801605015001
Brc1ccc(I)cc1,ESOL_p-Bromoiodobenzene,-4.56,-4.754,-4.213155179066001
Clc1cccc(-c2cccc(Cl)c2Cl)c1Cl,"ESOL_""2,2',3,3'-PCB""",-7.28,-6.079,-6.422160603011001
C=CCCC=C,"ESOL_""1,5-Hexadiene """,-2.68,-2.112,-1.862372153489
COP(=S)(OC)Oc1ccc([N+](=O)[O-])cc1Cl,ESOL_Dicapthon,-4.31,-4.188,-4.160264753880942
Cc1cccc2sc3nncn3c21,ESOL_Tricyclazole,-2.07,-2.868,-3.0461468692857845
CCS,ESOL_Ethanethiol,-0.6,-0.968,-0.881574406364
CC1CC(C)C(=O)C(C(O)CC2CC(=O)NC(=O)C2)C1,ESOL_cycloheximide,-1.13,-1.532,-2.394982332572
NC(N)=S,ESOL_Thiourea,0.32,0.329,0.321328207084
CC(C)N(C(=O)SCC(Cl)=C(Cl)Cl)C(C)C,ESOL_Triallate,-4.88,-4.578,-5.328663461120003
Clc1cccc(Cl)c1Cl,"ESOL_""1,2,3-Trichlorobenzene""",-4,-4.008,-3.9378214641863343
Clc1ccc(-c2ccccc2Cl)cc1,"ESOL_""2,4'-PCB""",-5.28,-5.142,-5.023933658460716
Brc1cc(Br)c(Br)cc1Br,"ESOL_""1,2,4,5-Tetrabromobenzene""",-6.98,-6.001,-6.158825828549
C1CCCC1,ESOL_Cyclopentane,-2.64,-2.038,-1.688887986152
Oc1ccc2c(c1)CCCC2,"ESOL_""5,6,7,8-tetrahydro-2-naphthol""",-1.99,-3.086,-2.6484070784597273
CCSCc1ccccc1OC(=O)NC,ESOL_ethiofencarb,-2.09,-2.855,-3.3107312720500004
OCc1ccccc1OC1OC(CO)C(O)C(O)C1O,ESOL_Salicin,-0.85,-0.975,-0.5260788163189994
CCN1c2ccccc2N(C)C(=O)c2cccnc21,ESOL_RTI 5,-3.324,-3.471,-3.7887354776405795
O=C1c2ccccc2Cc2ccccc2N1CCF,ESOL_RTI 7,-3.535,-3.663,-4.06667324491558
Brc1ccc2ccccc2c1,ESOL_2-bromonaphthalene,-4.4,-4.434,-4.164075783342546
C=CCCCC,ESOL_1-Hexene,-3.23,-2.364,-2.0423332427690006
Cc1ccc2c(c1)Oc1ncc(N)cc1C(=O)N2C,ESOL_RTI 3,-3.043,-3.049,-3.4651165215689788
CCN1c2ncccc2C(=O)N(CC)c2cccnc21,ESOL_RTI 2,-2.86,-3.125,-3.7037019857360005
c1ccsc1,ESOL_Thiophene,-1.33,-2.232,-1.9881725139039996
CCCCCCCCOC(=O)c1ccccc1C(=O)OCCCCCCCC,ESOL_dioctyl phthalate,-5.115,-7.148,-7.189890127262437
CCN1c2ccccc2Oc2ccccc2C1=O,ESOL_RTI 9,-3.68,-3.784,-4.173642055730335
O=C1NC(=O)C(O)(C2(O)C(=O)NC(=O)NC2=O)C(=O)N1,ESOL_alloxantin,-1.99,0.919,1.892812454670999
Cc1ccc(C)c(C)c1,"ESOL_""1,2,4-Trimethylbenzene""",-3.31,-3.343,-2.7550833218525344
Clc1ccc(-c2cccc(Cl)c2Cl)cc1,"ESOL_""2',3,4-PCB""",-6.29,-5.686,-5.721779859843002
Cn1cnc2c1c(=O)n(C)c(=O)n2C,ESOL_Caffeine,-0.876,-1.498,-0.5434222682702853
CC(=O)Nc1cc(NS(=O)(=O)C(F)(F)F)c(C)cc1C,ESOL_Mefluidide,-3.24,-3.165,-3.7658894451188005
CCO,ESOL_Ethanol,1.1,0.02,-0.076783590839
BrC(Br)(Br)Br,ESOL_Tetrabromomethane,-3.14,-4.063,-4.368307591988
O=[N+]([O-])c1cccc2ccccc21,ESOL_1-Nitronapthalene,-3.54,-3.414,-3.235038560123155
FC(F)(F)C(Cl)Br,ESOL_halothane,-1.71,-2.608,-2.947985347112
COC(=O)c1ccccc1,ESOL_Methyl benzoate,-1.85,-2.462,-1.9622313640309998
COc1c2occc2cc2ccc(=O)oc21,ESOL_Methoxsalen,-3.664,-3.25,-3.392690648398
CCCCCCC(=O)OCC,ESOL_Ethyl heptanoate,-2.74,-2.608,-2.5969108751900007
Cc1c(N(C)C)c(=O)n(-c2ccccc2)n1C,ESOL_aminopyrine,-0.364,-2.129,-2.6797651535774585
Oc1c(Cl)cccc1Cl,"ESOL_""2,6-Dichlorophenol""",-1.79,-3.012,-3.1093000539803333
CC1CCCCC1,ESOL_Methylcyclohexane,-3.85,-2.891,-2.3509420955990006
COC(=O)c1cc(O)c(O)c(O)c1,ESOL_methyl gallate,-1.24,-1.913,-1.5819036227246919
CC(C)OC(C)C,ESOL_Diisopropyl ether,-1.1,-1.281,-1.7769297479629997
CCNc1nc(Cl)nc(NCC)n1,ESOL_simazine,-4.55,-2.811,-2.261725174046692
CC(C)C(=O)C(C)C,"ESOL_""2,4-Dimethyl-3-pentanone""",-1.3,-1.752,-1.8935794353919997
c1ccc(CCc2ccccc2)cc1,ESOL_Bibenzyl,-4.62,-4.301,-3.8335750897387157
Brc1ccccc1,ESOL_Bromobenzene,-2.55,-3.345,-2.950798561809715
Cc1c2ccccc2c(C)c2c3ccccc3ccc12,"ESOL_""7,12-Dimethylbenz(a)anthracene""",-7.02,-6.297,-6.098534436387803
Clc1cccc(Cl)c1,"ESOL_""1,3-Dichlorobenzene""",-3.04,-3.558,-3.249268582685001
CI,ESOL_Iodomethane,-1,-1.646,-1.506744556541
c1ccc2c(c1)ccc1c3c4c(cccc4cc12)CC3,ESOL_Cholanthrene,-7.85,-5.942,-5.700091240463004
Cc1cccc(N)c1,ESOL_m-Methylaniline,-0.85,-1.954,-1.9282180485164
Brc1ccccc1Br,"ESOL_""1,2-Dibromobenzene""",-3.5,-4.172,-4.012537358699001
Cc1ccc2cc(C)ccc2c1,"ESOL_""2,6-Dimethylnaphthalene """,-4.89,-4.147,-3.685190332326468
Cc1cc(C)cc(C)c1,"ESOL_""1,3,5-Trimethylbenzene """,-3.4,-3.375,-2.7550833218525344
Cc1cc(S(=O)(=O)c2ccccc2)ccc1NS(=O)(=O)C(F)(F)F,ESOL_Perfluidone,-3.8,-4.945,-4.7243324435334015
CC(C)N(C(=O)SCC(Cl)=CCl)C(C)C,ESOL_Diallate,-4.286,-3.827,-4.675066805915003
O=Cc1ccco1,ESOL_Furfural,-0.1,-1.391,-1.4646497384554285
CC1OC(OC2C(C)OC(OC3C(C)OC(OC4CCC5(C)C(CCC6C5CCC5(C)C(C7=CC(=O)OC7)CCC65O)C4)CC3O)CC2O)CC(O)C1O,ESOL_Digitoxin,-5.293,-6.114,-7.240230696038001
CCCCCCCC(=O)OC,ESOL_Methyl octanoate,-3.17,-2.608,-2.5969108751900007
COC(C)(C)CCCC(C)CC=CC(C)=CC(=O)OC(C)C,ESOL_Methoprene,-5.19,-4.795,-5.4508611574070045
O=C1CN=C(c2ccccc2Cl)c2cc([N+](=O)[O-])ccc2N1,ESOL_Clonazepam,-3.499,-3.707,-4.318979125018728
CCOC1Oc2ccc(OS(C)(=O)=O)cc2C1(C)C,ESOL_ethofumesate,-3.42,-3.184,-3.279510137084789
CN(C)c1ccccc1,"ESOL_""N,N-Dimethylaniline""",-1.92,-2.542,-2.107933065452333
CCCCCBr,ESOL_1-Bromopentane,-3.08,-2.658,-2.649794415422001
Nc1nc(O)nc2nc[nH]c21,ESOL_isoguanine,-3.401,-1.74,-0.45405294400209084
c1ccc2c(c1)c1ccccc1c1ccccc21,ESOL_Triphenylene,-6.726,-5.568,-5.486265044941002
CCCC1CCCC1,ESOL_Propylcyclopentane,-4.74,-3.16,-2.703857276276002
O=C1NC(=O)C2(CCC2)C(=O)N1,ESOL_Cyclobutyl-5-spirobarbituric acid,-1.655,-0.527,-0.5490668684960001
Cc1nc(N(C)C)nc(OC(=O)N(C)C)c1C,ESOL_Pirimicarb,-1.95,-2.34,-2.345612077226741
CSc1nc(N(C)C)nc(N(C)C)n1,ESOL_Simetryn,-2.676,-2.689,-1.852243826294857
O=C(c1ccccc1)C(O)c1ccccc1,ESOL_benzoin,-2.85,-3.148,-3.353142176450001
CN(C)C(=S)SSC(=S)N(C)C,ESOL_Thiram,-3.9,-2.444,-2.8435694073830002
CCN1c2ncccc2C(=S)N(C)c2cccnc21,ESOL_RTI 16,-4.634,-3.411,-3.85233169862158
Nc1ccccc1,ESOL_Aniline,-0.41,-1.632,-1.6423596870787145
CN(C)C(=O)N(C)C,ESOL_tetramethylurea,0.94,-0.495,-0.690752892959
C=CCC,ESOL_1-Butene,-1.94,-1.655,-1.304891701415
c1ccc2c(c1)sc1ccccc12,ESOL_Dibenzothiophene,-4.38,-4.597,-4.3778608946320015
CCOc1ccc(C(C)(C)COCc2cccc(Oc3ccccc3)c2)cc1,ESOL_Etofenprox,-8.6,-6.896,-7.129778786721292
Cc1ccc2c(ccc3ccccc32)c1,ESOL_2-Methylphenanthrene,-5.84,-4.87,-4.591641619467069
CCCC(C)CO,ESOL_2-Methylpentanol,-1.11,-1.381,-1.4604736516399999
ClC(Cl)(Cl)Cl,ESOL_Tetrachloromethane,-2.31,-2.607,-2.7021743492000003
CCOP(=S)(OCC)SCSc1ccc(Cl)cc1,ESOL_Carbophenthion,-5.736,-5.828,-6.101707670664669
CN1C(C(=O)Nc2ccccn2)=C(O)c2ccccc2S1(=O)=O,ESOL_piroxicam,-4.16,-3.473,-3.3188684241130875
CCCC(C)=O,ESOL_2-Pentanone,-0.19,-0.846,-1.338523937852
CCCOC(C)C,ESOL_Propylisopropylether,-1.34,-1.354,-1.762312206395
O=C(c1ccccc1)c1ccccc1,ESOL_Benzophenone,-3.12,-3.612,-3.437572829904715
C=CCC1(C(C)CCC)C(=O)NC(=S)NC1=O,ESOL_thiamylal,-3.46,-3.063,-2.533119704837
Cc1ccc(O)c(C)c1,"ESOL_""2,4-Dimethylphenol""",-1.19,-2.621,-2.320807959091133
CCCCI,ESOL_1-Iodobutane,-2.96,-2.841,-2.6287124585719996
CC12CCC3c4ccc(O)cc4CC=C3C1CCC2=O,ESOL_Equilin,-5.282,-3.555,-4.462818867692001
COC(=O)c1ccc(O)cc1,ESOL_Methylparaben,-1.827,-2.441,-1.8324778067657272
Cc1cc([N+](=O)[O-])cc([N+](=O)[O-])c1O,ESOL_DNOC,-1.456,-2.818,-2.353140928805257
OCC1OC(CO)(OC2OC(COC3OC(CO)C(O)C(O)C3O)C(O)C(O)C2O)C(O)C1O,ESOL_Raffinose,-0.41,0.496,2.570642807610992
CCC1CCCCC1,ESOL_Ethylcyclohexane,-4.25,-3.245,-2.719662866276002
c1ccc2ncccc2c1,ESOL_Quinoline,-1.3,-2.663,-2.6540277442630003
CC(C)(C)c1ccc(O)cc1,ESOL_p-t-Butylphenol,-2.41,-3.192,-2.957133221308728
CC[N+](=O)[O-],ESOL_Nitroethane,-0.22,-0.462,-0.4682685335269999
O=C(Nc1cccc(Cl)c1)OCC#CCCl,ESOL_Barban,-4.37,-4.16,-3.9063070400060003
OC1COC(O)C(O)C1O,ESOL_L-arabinose,0.39,0.601,1.1358430369540007
CC(C)C(C)C(C)C,"ESOL_""2,3,4-Trimethylpentane""",-4.8,-3.276,-2.6861568076820013
CC12CCc3c4ccc(O)cc4ccc3C1CCC2=O,ESOL_Equilenin,-5.24,-3.927,-4.673781241755002
COP(=S)(OC)Oc1cc(Cl)c(Br)cc1Cl,ESOL_Bromophos,-6.09,-5.604,-5.765624382557002
O=Cc1ccccc1,ESOL_Benzaldehyde,-1.19,-1.999,-1.8474265262239997
CCC(C)(C)CO,"ESOL_""2,2-Dimethyl-1-butanol""",-1.04,-1.365,-1.47627924164
ClC1=C(Cl)C2(Cl)C3C4C=CC(C4)C3C1(Cl)C2(Cl)Cl,ESOL_Aldrin,-6.307,-5.511,-6.147470839421001
OCC1OC(O)(CO)C(O)C1O,ESOL_Fructose,0.64,0.471,1.4377499247790002
Cc1cccc(O)c1,ESOL_3-Methylphenol,-0.68,-2.313,-2.0265011250344
CCOP(=S)(OCC)N1C(=O)c2ccccc2C1=O,ESOL_Ditalimfos,-3.35,-3.992,-3.7391837171097904
CCCCCCCCCCCC(=O)OC,ESOL_methyl laurate,-4.69,-4.025,-4.071793957898002
O=[N+]([O-])c1ccc(Cl)c(Cl)c1,"ESOL_""3,4-Dichloronitrobenzene""",-3.2,-3.448,-3.3970356145217284
Oc1c(Cl)c(Cl)c(Cl)c(Cl)c1Cl,ESOL_Pentachlorophenol,-4.28,-4.835,-5.204528352651001
CCCCNC(=O)n1c2ccccc2nc1NC(=O)OC,ESOL_Benomyl,-4.883,-2.902,-3.6654378016078577
CC1(C)CON(Cc2ccccc2Cl)C1=O,ESOL_Clomazone,-2.338,-3.077,-3.4491049704170003
CC12CCC3c4ccc(O)cc4CCC3C1CCC2=O,ESOL_Estrone,-3.955,-3.872,-4.535781345065002
CCOC(=O)CC(=O)OCC,ESOL_Malonic acid diethylester,-0.82,-1.413,-1.127923564946
OCC1OC(OC2C(CO)OC(O)C(O)C2O)C(O)C(O)C1O,ESOL_Maltose,0.358,1.071,1.9895788246269943
Clc1ccc(C(c2ccc(Cl)cc2)C(Cl)Cl)cc1,"ESOL_""P,P'-DDD""",-7.2,-6.008,-6.522345717230336
CCOC1Oc2ccc(OS(C)(=O)=O)cc2C1(C)C,ESOL_Ethofumesate,-3.42,-3.184,-3.279510137084789
Nc1nc(=O)[nH]cc1F,ESOL_Flucytosine,-0.972,-0.132,-0.14025785431133297
Brc1cccc(Br)c1,"ESOL_""1,3-Dibromobenzene""",-3.54,-4.298,-4.012537358699001
CCOC(=O)N(C)C(=O)CSP(=S)(OCC)OCC,ESOL_Mecarbam,-2.518,-3.738,-3.774347772407001
COc1ccc(C(c2ccc(OC)cc2)C(Cl)(Cl)Cl)cc1,ESOL_Methoxychlor,-6.89,-5.538,-6.093198429867144
CCCl,ESOL_Chloroethane,-1.06,-1.165,-1.1270987926940002
NNC(=O)c1ccncc1,ESOL_Isonazid,0.009,-0.717,-0.641221933844
O=c1[nH]c2c(c(=O)n1C1CCCCC1)CCC2,ESOL_Lenacil,-4.594,-3.355,-2.2388798681919413
Cc1c([N+](=O)[O-])cccc1[N+](=O)[O-],"ESOL_""2,6-Dinitrotoluene""",-3,-2.553,-2.4752376885080927
CCCCCCCCC(=O)OC,ESOL_Methyl nonanoate,-3.38,-2.962,-2.9656316458670013
CNC(=O)Oc1ccccc1C1OCCO1,ESOL_Dioxacarb,-1.57,-1.614,-2.4226167894709993
CCOP(=S)(OCC)SC(CCl)N1C(=O)c2ccccc2C1=O,ESOL_Dialifos,-6.34,-5.026,-5.275712524494047
Oc1ccc(Cl)c(Cl)c1Cl,"ESOL_""2,3,4-Trichlorophenol""",-2.67,-3.705,-3.803766866315
C#CC(C)N(C)C(=O)Nc1ccc(Cl)cc1,ESOL_Buturon,-3.9,-3.199,-3.534869752475001
ClC1=C(Cl)C2(Cl)C3C4CC(C5OC54)C3C1(Cl)C2(Cl)Cl,ESOL_Endrin,-6.18,-4.533,-5.669964999395001
c1ccc2c(c1)oc1ccccc12,ESOL_Dibenzofurane,-4.6,-4.201,-3.9213167757370013
C=CCCC,ESOL_1-Pentene,-2.68,-2.01,-1.673612472092
ClCCCl,"ESOL_""1,2-Dichloroethane""",-1.06,-1.374,-1.5067863360470002
Clc1ccc(-c2c(Cl)cc(Cl)c(Cl)c2Cl)c(Cl)c1Cl,"ESOL_""2,3,3',4,4'6-PCB""",-7.66,-7.746,-8.53450817514658
CC12CC(O)C3C(CCC4=CC(=O)C=CC43C)C1CCC2(O)C(=O)CO,ESOL_Prednisolone,-3.18,-2.974,-3.328951523819001
CC(C)CCl,ESOL_1-Chloro-2-methylpropane,-2,-1.924,-1.773347312141
Cc1ccncc1C,"ESOL_""3,4-Dimethylpyridine""",0.36,-2.067,-2.0182275678458
Cc1c2ccccc2cc2ccccc21,ESOL_9-Methylanthracene,-5.89,-4.87,-4.591641619467069
OCC(O)CO,ESOL_Glycerol,1.12,0.688,0.8811334139200002
ClC1=C(Cl)C2(Cl)C3C(Cl)C=CC3C1(Cl)C2(Cl)Cl,ESOL_Heptachlor,-6.317,-5.26,-6.183017182022001
CC(C)c1ccc(NC(=O)N(C)C)cc1,ESOL_Isoproturon,-3.536,-2.867,-3.396047623162001
CC(C)SC(C)C,ESOL_Diisopropylsulfide,-2.24,-2.162,-2.4176956268450005
c1nc2ccccc2o1,ESOL_Benzoxazole,-1.16,-2.214,-2.283923665423
CCCCC1(CC)C(=O)NC(=O)NC1=O,ESOL_Butethal,-1.661,-1.974,-1.835720345747
Clc1cc(Cl)c(-c2c(Cl)cc(Cl)cc2Cl)c(Cl)c1,"ESOL_""2,2',4,4',6,6'-PCB""",-8.71,-7.179,-7.828836020180335
CCCCCCCCCC(=O)OC,ESOL_Methyl decanoate,-4.69,-3.316,-3.3343524165440015
CCCC(=O)CC,ESOL_3-Hexanone,-0.83,-1.266,-1.707244708529
CCCCC(CC)CO,ESOL_2-Ethyl-1-hexanol,-2.11,-2.089,-2.1979151929940004
CCCO,ESOL_1-Propanol,0.62,-0.334,-0.445504361516
CCC(=O)OCN1C(=O)NC(c2ccccc2)(c2ccccc2)C1=O,ESOL_3-Propanoyloxymethylphenytoin,-4.907,-3.128,-3.9067619149460007
O=C1CCC(=O)N1,ESOL_Succinimide,0.3,0.282,-0.007960078426999972
Clc1ccc(Br)cc1,ESOL_p-Chlorobromobenzene,-3.63,-3.928,-3.630902970692001
Cc1occc1C(=O)Nc1ccccc1,ESOL_Fenfuram,-3.3,-2.885,-3.448970682170068
Oc1cccc(O)c1,"ESOL_""1,3-Benzenediol""",0.81,-1.59,-1.5922257622729998
C=CCC1(C(C)CC)C(=O)NC(=O)NC1=O,ESOL_Talbutal,-2.016,-2.06,-1.933287005237
CN1c2ccc(Cl)cc2C(c2ccccc2)=NCC1=O,ESOL_Diazepam,-3.754,-4.05,-4.230895503593001
CCCCCCCCCCCCCCCO,ESOL_1-Pentadecanol,-6.35,-4.586,-4.870153609640004
CCCCC(O)CC,ESOL_3-Heptanol,-1.47,-1.678,-1.935004985792
O=[N+]([O-])OCC(CO[N+](=O)[O-])O[N+](=O)[O-],ESOL_nitroglycerin,-2.22,-2.029,-0.4181435435900001
CCCC=C(C=O)CC,ESOL_2-Ethyl-2-hexanal,-2.46,-2.081,-2.280530750603
CCN(CC)c1c([N+](=O)[O-])cc(C(F)(F)F)c(N)c1[N+](=O)[O-],ESOL_Nitramine,-3.561,-4.479,-4.138154380107364
C=C(C)CN(CC)c1c([N+](=O)[O-])cc(C(F)(F)F)cc1[N+](=O)[O-],ESOL_Ethalfluralin,-6.124,-5.063,-4.915914833514047
c1ccc2c(c1)Cc1cc3ccccc3cc1-2,ESOL_Benzo(b)fluorene,-8.04,-5.189,-4.8382530998281785
Cc1cccc(C)c1O,"ESOL_""2,6-Dimethylphenol""",-1.29,-2.589,-2.3208079590911335
CCOC(=O)c1ccc(O)cc1,ESOL_Ethyl-p-hydroxybenzoate,-2.35,-2.761,-2.18506967517
c1cnc2c(c1)ccc1ncccc12,"ESOL_""1,7-phenantroline""",-2.68,-2.994,-3.406323014677
c1ccc2c3c(ccc2c1)-c1cccc2cccc-3c12,ESOL_Benzo(j)fluoranthene,-8,-6.007,-6.015685491475002
CCCC(O)CCC,ESOL_4-Heptanol,-1.4,-1.678,-1.935004985792
COP(=S)(OC)Oc1cc(Cl)c(I)cc1Cl,ESOL_Iodofenphos,-6.62,-6.148,-5.966242202924001
Sc1ccccc1,ESOL_Thiophenol,-2.12,-2.758,-2.282280851433714
CC(=O)Nc1ccccc1,ESOL_Acetanilide,-1.33,-1.857,-2.0831432232169997
Cn1c2nc[nH]c2c(=O)n(C)c1=O,ESOL_Theophylline,-1.39,-1.452,-0.10055614174653738
CN1c2ccc([N+](=O)[O-])cc2C(c2ccccc2)=NCC1=O,ESOL_Nimetazepam,-3.796,-3.557,-3.7137653772617285
Cc1cc2nc3c(=O)[nH]c(=O)nc-3n(CC(O)C(O)C(O)CO)c2cc1C,ESOL_Riboflavin,-3.685,-1.865,-0.7789987482020609
Cc1ccccc1Br,ESOL_2-Bromotoluene,-2.23,-3.667,-3.2366569232474007
COc1ccccc1O,ESOL_Guaiacol,-1.96,-1.941,-1.8667024922663331
CCCCCC(C)=O,ESOL_2-Heptanone,-1.45,-1.554,-2.0759654792060003
CC(C)OC=O,ESOL_Isopropyl formate,-0.63,-0.684,-0.7521189733729999
CNC(=O)Oc1cccc2c1OC(C)(C)C2,ESOL_Carbofuran,-2.8,-3.05,-2.921170118258
Nc1ccc(-c2ccc(N)cc2)cc1,ESOL_p-benzidine,-2.7,-2.613,-3.170324685012714
Cc1ccc([N+](=O)[O-])cc1[N+](=O)[O-],"ESOL_""2,4-Dinitrotoluene""",-2.82,-2.604,-2.4752376885080927
CCCCC(=O)OC1(C(=O)CO)C(C)CC2C3CCC4=CC(=O)C=CC4(C)C3(F)C(O)CC21C,ESOL_Betamethasone-17-valerate,-4.71,-5.062,-5.579219322953004
Clc1ccc(Cl)c(-c2cc(Cl)c(Cl)c(Cl)c2Cl)c1,"ESOL_""2,2',3,4,5,5'-PCB""",-7.68,-7.343,-7.828836020180335
CCCCCl,ESOL_1-Chlorobutane,-2.03,-1.94,-1.864540334048
CON(C)C(=O)Nc1ccc(Br)c(Cl)c1,ESOL_Chlorbromuron,-3.924,-3.938,-4.152585636619001
c1cc2ccc3ccc4ccc5ccc6ccc1c1c2c3c4c5c61,ESOL_Coronene,-9.332,-6.885,-7.290157174951002
CC(C)[N+](=O)[O-],ESOL_2-Nitropropane,-0.62,-0.743,-0.8516068457719999
C#CC1(O)CCC2C3CCc4cc(O)ccc4C3CCC21C,ESOL_Ethinyl estradiol,-4.3,-4.317,-4.550130100305366
CCCCOCCCC,ESOL_Dibutyl ether,-1.85,-2.135,-2.4851362061810005
CC(C)COC=O,ESOL_Isobutyl formate,-1.01,-1.095,-1.0150291805749998
c1ccc2nc(-c3ccc4ccccc4n3)ccc2c1,ESOL_biquinoline,-5.4,-4.903,-5.142969963667001
CCC(C)CO,ESOL_2-Methylbutanol,-0.47,-1.027,-1.091752880963
O=C1CSC(=S)N1,ESOL_rhodanine,-1.77,-0.396,-0.766795968878
NS(=O)(=O)c1cc2c(cc1C(F)(F)F)NC(Cc1ccccc1)NS2(=O)=O,ESOL_Bendroflumethiazide,-3.59,-3.741,-3.9177454029472223
Clc1cccc(-c2c(Cl)c(Cl)cc(Cl)c2Cl)c1Cl,"ESOL_""2,2',3,3',5,6-PCB""",-8.6,-7.185,-7.828836020180335
Fc1ccccc1Br,ESOL_o-Fluorobromobenzene,-2.7,-3.467,-3.1377336650810004
CC(C)OP(=S)(OC(C)C)SCCNS(=O)(=O)c1ccccc1,ESOL_Bensulide,-4.2,-4.99,-5.190510541482046
CCCCCCCCCC(C)O,ESOL_2-Undecanol,-2.94,-3.096,-3.409888068500002
O=C1CCCCC1,ESOL_Cyclohexanone,-0.6,-0.996,-1.558364723309
CCC1(CC)C(=O)NC(=O)NC1=O,ESOL_Barbital,-2.4,-1.265,-1.0982788043929992
CCNc1nc(NC(C)C)nc(SC)n1,ESOL_Ametryn,-3.04,-3.43,-2.737067936929
Cc1cc(=O)[nH]c(=S)[nH]1,ESOL_methylthiouracil,-2.436,-0.547,-0.7989015823700333
CCCC(C)C,ESOL_2-Methylpentane,-3.74,-2.6,-2.1311013101420007
Clc1cccc(I)c1,ESOL_m-Chloroiodobenzene,-3.55,-4.384,-3.8315207910590003
CCCCCO,ESOL_1-Pentanol,-0.6,-1.042,-1.18294590287
CCCCC1C(=O)N(c2ccccc2)N(c2ccc(O)cc2)C1=O,ESOL_oxyphenbutazone,-3.73,-3.739,-4.652399561985002
CO,ESOL_Methanol,1.57,0.441,0.307742769838
Cn1cc(-c2ccccc2)c(=O)c(-c2cccc(C(F)(F)F)c2)c1,ESOL_Fluridone,-4.445,-4.249,-5.730363361604002
CC(=O)OC1CCC2C3CCC4=CC(=O)CCC4(C)C3CCC12C,ESOL_testosterone acetate,-5.184,-4.449,-5.273876311667004
O=[N+]([O-])c1cccc(Cl)c1,ESOL_m-Chloronitrobenzene,-2.77,-2.901,-2.698267761581001
CC(C)C1(C(C)C)C(=O)NC(=O)NC1=O,"ESOL_""5,5-Diisopropylbarbital""",-2.766,-1.942,-1.6533343019329996
O=C1NC(=O)C2(CCCCCC2)C(=O)N1,ESOL_Cycloheptyl-5-spirobarbituric acid,-3.168,-1.844,-1.7026459505269997
Cc1ccccc1,ESOL_Toluene,-2.21,-2.713,-2.174918126358114
Nc1ccc(Cl)cc1,ESOL_p-Chloroaniline,-1.66,-2.392,-2.322464095961
c1cc2cccc3c4cccc5cccc(c(c1)c23)c54,ESOL_Perylene,-8.804,-6.007,-6.087562421611002
Cc1cnc2cncnc2n1,ESOL_7-methylpteridine,-0.854,-1.24,-1.6179996680909452
CC(C)=CCCC(C)=CC=O,ESOL_citral,-2.06,-2.579,-2.869622382677001
c1ccc2c(c1)cnc1ccccc12,ESOL_phenanthridine,-2.78,-3.713,-3.8488719346270006
CC(C)Cl,ESOL_2-Chloropropane,-1.41,-1.585,-1.5104371049390002
Clc1cccc(-c2cc(Cl)c(Cl)cc2Cl)c1Cl,"ESOL_""2,2',3,4,5-PCB""",-7.21,-6.709,-7.124628615884884
CCCCCC(C)O,ESOL_2-Heptanol,-1.55,-1.678,-1.9350049857920002
CCC1(c2ccccc2)C(=O)NC(=O)NC1=O,ESOL_phenobarbital,-2.322,-2.272,-1.9505933551779409
C=CCl,ESOL_Chloroethylene,-1.75,-1.188,-1.205241225266
CCCC(=O)OCC,ESOL_Methyl pentanoate,-1.36,-1.545,-1.490748563159
CCC(=O)OC1CCC2C3CCC4=CC(=O)CCC4(C)C3CCC12C,ESOL_testosterone propionate,-5.37,-4.87,-5.642597082344004
O=CNC(N1C=CN(C(NC=O)C(Cl)(Cl)Cl)C=C1)C(Cl)(Cl)Cl,ESOL_triforine,-4.19,-3.715,-4.359330737837
c1cnc2ncncc2n1,ESOL_Pteridine,0.02,-0.906,-1.3263809844129997
CCc1ccc(CC)cc1,"ESOL_""1,4-Diethylbenzene """,-3.75,-3.633,-2.9428462109450004
CCCCCCCC(C)O,ESOL_2-Nonanol,-2.74,-2.387,-2.6724465271460014
Clc1ccc(Cl)c(-c2c(Cl)c(Cl)cc(Cl)c2Cl)c1,"ESOL_""2,2',3,5,5',6-PCB""",-7.42,-7.261,-7.828836020180335
CNC(=O)Oc1cccc(N=CN(C)C)c1,ESOL_Formetanate,-2.34,-1.846,-2.524186844591
CCN(CC)c1ccccc1,"ESOL_""N,N-Diethylaniline""",-3.03,-3.16,-2.802364200745728
CCCCCCCCCO,ESOL_1-Nonanol,-3.01,-2.46,-2.6578289855780013
CCCCCCl,ESOL_1-Chloropentane,-2.73,-2.294,-2.233261104725001
CCc1cccc2ccccc21,ESOL_1-Ethylnaphthalene,-4.17,-4.1,-3.628961394427668
Oc1ccncc1,ESOL_4-hydroxypyridine,1.02,-1.655,-1.298093843646714
C=CCCCCCCCC,ESOL_1-Decene,-5.51,-3.781,-3.5172163254770026
Nc1ccccc1O,ESOL_o-Aminophenol,-0.72,-1.465,-1.493942685755
C#CC(C)OC(=O)Nc1cccc(Cl)c1,ESOL_Chlorbufam,-2.617,-3.629,-3.5184967544710006
OCCOc1ccccc1,ESOL_2-Phenoxyethanol,-0.7,-1.761,-1.6515387556459997
O=[N+]([O-])c1ccccc1,ESOL_Nitrobenzene,-1.8,-2.288,-2.003800949246333
CSC,ESOL_Dimethyl sulfide,-0.45,-0.758,-0.913577461001
Clc1ccc(-c2c(Cl)ccc(Cl)c2Cl)c(Cl)c1,"ESOL_""2,2',3,4,6-PCB""",-7.43,-6.627,-7.124628615884884
c1cc2ccccc2[nH]1,ESOL_Indole,-1.52,-2.654,-2.1652961385369998
Cc1ccccc1O,ESOL_2-Methylphenol,-0.62,-2.281,-2.0265011250344003
c1ccc2c(c1)[nH]c1ccccc12,ESOL_Carbazole,-5.27,-3.836,-3.3601403289010006
Cc1cccc(C)c1,ESOL_m-Xylene,-2.82,-3.035,-2.4607764877958003
C=CCC1(CC=C)C(=O)NC(=O)NC1=O,"ESOL_""5,5-Diallylbarbital""",-2.077,-1.471,-1.4757981671869995
CN(C(=O)COc1nc2ccccc2s1)c1ccccc1,ESOL_Mefenacet,-4.873,-4.504,-4.437193644975429
CC(C)OC(=O)C(O)(c1ccc(Br)cc1)c1ccc(Br)cc1,ESOL_bromopropylate,-4.93,-5.833,-6.042636936796729
c1cc2ccc3ccc4ccc5cccc6c(c1)c2c3c4c56,ESOL_Benzo[ghi]perylene,-9.018,-6.446,-6.688859798281002
Brc1ccc2ccccc2c1,ESOL_2-Bromonapthalene,-4.4,-4.434,-4.164075783342546
CCCCc1c(C)nc(NCC)nc1OS(=O)(=O)N(C)C,ESOL_bupirimate,-4.16,-3.493,-3.176637916192972
CC1(C)C(C=C(Cl)Cl)C1C(=O)OC(C#N)c1cccc(Oc2ccccc2)c1,ESOL_Cypermethrin,-8.017,-6.775,-7.210511484564462
CCCCC=O,ESOL_Valeraldehyde,-0.85,-1.103,-1.322718347852
CC(C)CCCCCOC(=O)c1ccccc1C(=O)OCCCCCC(C)C,ESOL_diisooctyl phthalate,-6.637,-7.117,-7.007504083448436
O=C1CNC(=O)N1,ESOL_hydantoin,-0.4,0.603,0.428797105417
Cc1cccc2ccccc12,ESOL_1-Methylnaphthalene,-3.7,-3.802,-3.3881953478909472
C=C(C)C1Cc2c(ccc3c2OC2COc4cc(OC)c(OC)cc4C2C3=O)O1,ESOL_Rotenone,-4.42,-5.246,-5.2829828593942105
CCOP(=S)(OCC)SCCSCC,ESOL_Disulfoton,-4.23,-3.975,-4.279362336371003
Cc1ccc(O)cc1,ESOL_p-Cresol,-0.73,-2.313,-2.0265011250344
CCCOC(=O)c1ccc(N)cc1,ESOL_Risocaine,-2.452,-2.709,-2.4418598366366924
C=CC#N,ESOL_Acrylonitrile,0.15,-0.354,-0.6419168852816
CC12CC(O)C3C(CCC4=CC(=O)CCC43C)C1CCC2C(=O)CO,ESOL_Corticosterone,-3.24,-3.454,-4.057924118126003
ClC(Cl)=C(c1ccc(Cl)cc1)c1ccc(Cl)cc1,ESOL_DDE,-6.9,-6.553,-6.716758085333337
OC(c1ccc(Cl)cc1)(c1cncnc1)c1ccccc1Cl,ESOL_Fenarimol,-4.38,-4.108,-5.269411466028092
Cc1ccc2ccc(C)nc2c1,"ESOL_""2,7-dimethylquinoline""",-1.94,-3.342,-3.242641412376467
Clc1ccc(C(c2ccccc2Cl)C(Cl)Cl)cc1,"ESOL_""O,P'-DDD""",-6.51,-6.008,-6.522345717230336
O=C1C2CC=CCC2C(=O)N1SC(Cl)(Cl)C(Cl)Cl,ESOL_captafol,-5.4,-4.365,-4.693965051710002
CC12CC(O)C3(F)C(CCC4=CC(=O)C=CC43C)C1CC(O)C2(O)C(=O)CO,ESOL_Triamcinolone,-3.68,-2.734,-2.862995714252001
Clc1ccc(-c2cc(Cl)ccc2Cl)c(Cl)c1,"ESOL_""2,2',4,5'-PCB""",-6.57,-6.23,-6.422160603011001
O=c1[nH]cc(F)c(=O)[nH]1,ESOL_5-fluorouracil,-1.077,-0.792,0.4254296366046668
CCOP(=S)(OCC)SC(CCl)N1C(=O)c2ccccc2C1=O,ESOL_Dialifor,-6.34,-5.026,-5.275712524494047
CCC(C)Cl,ESOL_2-Chlorobutane,-1.96,-1.94,-1.879157875616
CN(C(=O)NC(C)(C)c1ccccc1)c1ccccc1,ESOL_Methyldymron,-3.35,-3.863,-4.512693139046002
C=C(Br)CC1(C(C)CC)C(=O)NC(=O)NC1=O,ESOL_butallylonal,-2.647,-2.766,-3.003416971139
C=C,ESOL_Ethylene,-0.4,-0.815,-0.551644570061
CC(=O)CCC1C(=O)N(c2ccccc2)N(c2ccccc2)C1=O,ESOL_kebuzone,-3.27,-2.645,-4.2477488130030014
CCCI,ESOL_1-Iodopropane,-2.29,-2.486,-2.2599916878950004
COCOC,ESOL_Dimethoxymethane,0.48,0.092,-0.42503620742599996
Brc1ccc(Br)c(Br)c1,"ESOL_""1,2,4-tribromobenzene""",-4.5,-5.144,-5.082724628207335
CCCN(CCC)c1c([N+](=O)[O-])cc(S(N)(=O)=O)cc1[N+](=O)[O-],ESOL_oryzalin,-5.16,-3.784,-3.3941889336660447
ClC=CCl,"ESOL_""cis 1,2-Dichloroethylene""",-1.3,-1.561,-1.8588378804710002
Clc1ccc(-c2c(Cl)c(Cl)c(Cl)c(Cl)c2Cl)c(Cl)c1,"ESOL_""2,2',3,4,4',5',6-PCB""",-7.92,-7.898,-8.53450817514658
C=C(C)CCC,ESOL_2-Methyl-1-Pentene,-3.03,-2.348,-2.0581388327690004
C[N+](=O)[O-],ESOL_Nitromethane,0.26,-0.042,-0.09954776284999994
O=C1Nc2ccc(Cl)cc2C(c2ccccc2Cl)=NC1O,ESOL_Lorazepam,-3.604,-3.75,-4.428064489125144
COc1ccc(Cl)cc1,ESOL_4-Chloroanisole,-2.78,-3.057,-2.695223902472334
CC1CCCCC1C,"ESOL_""cis-1,2-Dimethylcyclohexane""",-4.3,-3.305,-2.6284698443690004
CCOP(=S)(OCC)SCSCC,ESOL_Phorate,-4.11,-3.747,-4.168745087546002
Cc1cc(C(=O)NNCc2ccccc2)no1,ESOL_Isocarboxazid,-2.461,-2.251,-2.5334427895214593
Cc1ncc([N+](=O)[O-])n1CCO,ESOL_Metronidazole,-1.22,-0.859,-1.092551904845733
CC12CC(O)C3(F)C(CCC4=CC(=O)CCC43C)C1CCC2(O)C(=O)CO,ESOL_Fludrocortisone,-3.43,-3.172,-3.6989669204660003
CC(C)(C)CCO,"ESOL_""3,3-Dimethyl-1-butanol""",-0.5,-1.365,-1.47627924164
CN(C)C(=O)SCCCCOc1ccccc1,ESOL_Fenothiocarb,-3.927,-3.297,-3.8995270267779434
Clc1ccc(I)cc1,ESOL_p-Chloroiodobenzene,-4.03,-4.384,-3.831520791059001
CCC1Nc2cc(Cl)c(S(N)(=O)=O)cc2C(=O)N1,ESOL_Quinethazone,-3.29,-2.184,-2.465012379909667
CCCCCCCCl,ESOL_1-Chloroheptane,-4,-3.003,-2.9707026460790016
CCCCc1c(C)nc(N(C)C)nc1O,ESOL_dimethirimol,-2.24,-3.57,-2.6706555258063998
CN(C)C(=O)Nc1ccc(Oc2ccc(Cl)cc2)cc1,ESOL_Chloroxuron,-4.89,-4.477,-5.004270945233002
CCNc1ccccc1,ESOL_N-Ethylaniline,-1.7,-2.389,-2.363745048218333
c1ccc2c(c1)ccc1c3ccccc3ccc21,ESOL_Chrysene,-8.057,-5.568,-5.486265044941002
C=C(C)C1CC=C(C)C(=O)C1,ESOL_Carvone,-2.06,-2.042,-2.6137437855500005
c1ccc(Cc2ccccc2)cc1,ESOL_Diphenylmethane,-4.08,-4.09,-3.6335632632303865
Clc1ccc(Cl)c(-c2ccc(Cl)c(Cl)c2)c1,"ESOL_""2,3',4',5-PCB""",-7.25,-6.312,-6.422160603011001
c1ccc(NNc2ccccc2)cc1,ESOL_hydrazobenzene,-2.92,-3.492,-3.589874897064715
CCC1(c2ccccc2)CCC(=O)NC1=O,ESOL_Glutethimide,-2.337,-2.591,-2.652123902087
Clc1ccc(Cl)cc1,"ESOL_""1,4-Dichlorobenzene""",-3.27,-3.558,-3.249268582685001
Cc1ccc(NC(=O)N(C)C)cc1Cl,ESOL_Chlortoluron,-3.483,-3.048,-3.345235991828258
CCCCCCC(C)O,ESOL_2-Octanol,-2.09,-2.033,-2.303725756469001
C#CCC,ESOL_1-Butyne,-1.24,-1.092,-0.896592249359
CCC#CCC,ESOL_3-Hexyne,-1.99,-1.933,-1.665644970713
O=C1CN=C(c2ccccc2)c2cc([N+](=O)[O-])ccc2N1,ESOL_Nitrazepam,-3.796,-3.473,-3.6100731049351427
CCCCCCc1ccccc1,ESOL_Hexylbenzene,-5.21,-4.22,-3.790721670105002
CC1(C)C(C=C(Cl)Cl)C1C(=O)OC(C#N)c1ccc(F)c(Oc2ccccc2)c1,ESOL_Cyfluthrin,-7.337,-6.84,-7.4302208350648105
N#CC(OC1OC(COC2OC(CO)C(O)C(O)C2O)C(O)C(O)C1O)c1ccccc1,ESOL_Amigdalin,-0.77,-0.974,-0.5079853324766014
CCCCOC(=O)c1ccc(N)cc1,ESOL_Butamben,-3.082,-3.039,-2.7988827221488566
C,ESOL_Methane,-0.9,-0.636,-0.347079298664
CCC(C)c1cc([N+](=O)[O-])cc([N+](=O)[O-])c1O,ESOL_Dinoseb,-3.38,-3.715,-3.474097708836943
Clc1cccc2ccccc12,ESOL_1-Chloronapthalene,-3.93,-4.063,-3.7824413953355465
CCC(O)(CC)CC,ESOL_3-Ethyl-3-pentanol,-0.85,-1.663,-1.9508105757919998
CCCCCCCl,ESOL_1-Chlorohexane,-3.12,-2.648,-2.601981875402001
CCCCCCCCC,ESOL_Nonane,-5.88,-3.678,-3.3284566440800014
Brc1cccc2ccccc12,ESOL_1-Bromonapthalene,-4.35,-4.434,-4.164075783342546
CCc1ccccc1CC,"ESOL_""1,2-Diethylbenzene""",-3.28,-3.601,-2.9428462109450004
COP(=S)(OC)SCC(=O)N(c1ccc(Cl)cc1)C(C)C,ESOL_Anilofos,-4.432,-5.106,-5.445615583808574
CC12CC(O)C3C(CCC4=CC(=O)CCC43C)C1CCC2(O)C(=O)CO,ESOL_Hydrocortisone,-3.09,-3.159,-3.508912613099001
c1ccc2nc3ccccc3cc2c1,ESOL_Acridine,-3.67,-3.846,-3.8488719346270015
Cc1ccccc1C(C)C,ESOL_2-Isopropyltoluene,-3.76,-3.585,-3.186623444440402
ClC1=C(Cl)C2(Cl)C3C(Cl)C(Cl)CC3C1(Cl)C2(Cl)Cl,ESOL_Chlordane,-6.86,-6.039,-6.757283356223001
C=CCC1(C(C)C)C(=O)NC(=O)NC1=O,ESOL_5-Allyl-5-isopropylbarbital,-1.708,-1.706,-1.5645662345599993
O=C(C=CC=Cc1ccc2c(c1)OCO2)N1CCCCC1,ESOL_Piperine,-3.46,-3.659,-3.9597161955895723
CC(=O)c1ccccc1,ESOL_Acetophenone,-1.28,-2.078,-2.202383232734333
O=c1oc2ccccc2c(O)c1C1CCCc2ccccc21,ESOL_Coumatetralyl,-2.84,-5.194,-4.931051562866639
CC(C)CC(C)(C)O,"ESOL_""2,4-Dimethyl-2-pentanol """,-0.92,-1.647,-1.8596175538849997
CC(C)CO,ESOL_2-Methylpropan-1-ol,0.1,-0.672,-0.7230321102859999
O=C1NC(=O)c2ccccc21,ESOL_phthalimide,-2.61,-1.882,-1.3782616056437271
CCCCCCCCCC(=O)OCC,ESOL_Ethyl decanoate,-4.1,-3.671,-3.703073187221002
CC1=CCCCC1,ESOL_1-Methylcyclohexene,-3.27,-2.574,-2.2779796182260004
COC(=O)Nc1nc2ccc(C(=O)c3ccccc3)cc2[nH]1,ESOL_Mebendazole,-3.88,-4.118,-3.7754000371389096
COC(C)=O,ESOL_Methyl acetate,0.46,-0.416,-0.38458625112799993
Cc1cccc(C)n1,"ESOL_""2,6-Dimethylpyridine""",0.45,-2.098,-2.0182275678458
c1ccc2cc3c(cc2c1)-c1cccc2cccc-3c12,ESOL_Benzo(k)fluoranthene,-8.49,-6.007,-6.015685491475002
OCC1OC(n2cnc3c2ncnc3O)C(O)C1O,ESOL_Inosine,-1.23,-0.834,-0.33818958140868405
Oc1ccc(Cl)cc1,ESOL_4-Chlorophenol,-0.7,-2.761,-2.420747172479
CCC1(C(C)C)C(=O)NC(=O)NC1=O,ESOL_probarbital,-2.21,-1.603,-1.3758065531629997
CC(C)CCC(C)(C)C,"ESOL_""2,2,5-Trimethylhexane""",-5.05,-3.631,-3.161876190266002
Cc1c(C)c2c3ccccc3ccc2c2ccccc12,"ESOL_""5,6-Dimethylchrysene""",-7.01,-6.265,-6.098534436387803
CC(=O)Nc1ccc(O)cc1,ESOL_p-Hydroxyacetanilide,-1.03,-1.495,-1.953389665951727
CC(C)OC(=O)C(O)(c1ccc(Cl)cc1)c1cccc(Cl)c1,ESOL_chloropropylate,-4.53,-5.093,-5.27936816078273
Clc1cccc(Br)c1,ESOL_m-Chlorobromobenzene,-3.21,-3.928,-3.630902970692001
CC(O)c1ccccc1,ESOL_1-Phenylethanol,-0.92,-1.919,-2.105157772223333
Cc1ccccc1N,ESOL_o-Toluidine,-2.21,-1.922,-1.9282180485164002
CC12CCC(CC1)C(C)(C)O2,ESOL_eucalyptol,-1.64,-2.579,-2.847054248324001
Oc1ccc(O)cc1,"ESOL_""1,4-Benzenediol""",-0.17,-1.59,-1.5922257622729998
CCOP(=S)(OCC)ON=C(C#N)c1ccccc1,ESOL_Phoxim,-4.862,-4.557,-4.18228521934539
COc1ccc(C(O)(c2cncnc2)C2CC2)cc1,ESOL_Ancymidol,-2.596,-2.181,-3.2429504640455784
CCC=O,ESOL_Propionaldehyde,0.58,-0.394,-0.5852768064979998
Oc1c2ccccc2cc2ccccc21,ESOL_9-anthrol,-4.73,-4.148,-4.157366256705667
CC(C)c1ccccc1,ESOL_Isopropylbenzene,-3.27,-3.265,-2.886402679550334
O=[N+]([O-])c1ccccc1Cl,ESOL_o-Chloronitrobenzene,-2.55,-2.775,-2.698267761581
NC(=O)c1cnccn1,ESOL_Pyrazinamide,-0.667,-0.674,-0.5044366272353331
COC(=O)c1ccccc1C(=O)OC,ESOL_Dimethyl phthalate,-1.66,-2.347,-2.103835591355857
ClC(Br)Br,ESOL_Chlorodibromethane,-1.9,-2.54,-2.8816443153890003
CCN(Cc1c(F)cccc1Cl)c1c([N+](=O)[O-])cc(C(F)(F)F)cc1[N+](=O)[O-],ESOL_Flumetralin,-6.78,-6.584,-6.62560335462586
CCOC(=O)CC,ESOL_Ethyl propionate,-0.66,-1.191,-1.122027792482
COCC(=O)N(c1c(C)cccc1C)C(C)C(=O)OC,ESOL_metalaxyl,-1.601,-2.87,-3.0207094207388
CCOP(=S)(OCC)Oc1ccc([N+](=O)[O-])cc1,ESOL_Parathion,-4.66,-3.949,-4.172626193880668
COc1ccccc1,ESOL_Anisole,-1.85,-2.368,-2.006671020971
C=CCCCCCC,ESOL_1-Octene,-4.44,-3.073,-2.7797747841230014
CCC1(C(C)C)C(=O)NC(=O)NC1=O,ESOL_5-Ethyl-5-isopropylbarbituric acid,-2.148,-1.603,-1.3758065531629993
CC12CCC3c4ccc(O)cc4CCC3C1CCC2O,ESOL_Estradiol,-5.03,-4.138,-4.394820851651002
CCOP(=S)(OCC)Oc1ccc(S(C)=O)cc1,ESOL_fensulfothion,-2.3,-3.283,-4.161423126564668
C=CCCCO,ESOL_4-Pentene-1-ol,-0.15,-0.791,-1.00298481359
Clc1cc(Cl)cc(Cl)c1,"ESOL_""1,3,5-Trichlorobenzene""",-4.48,-4.159,-3.9378214641863343
CC1(C)C(C=C(Br)Br)C1C(=O)OC(C#N)c1cccc(Oc2ccccc2)c1,ESOL_Deltamethrin,-8.402,-7.44,-8.043578105958462
CNC(=O)Oc1ccccc1OC(C)C,ESOL_Propoxur,-2.05,-2.409,-2.8719233218570004
COC(=O)Nc1cccc(OC(=O)Nc2cccc(C)c2)c1,ESOL_Phenmedipham,-4.805,-4.229,-4.690100376079129
CC(=O)OCC(C)C,ESOL_Isobutyl acetate,-1.21,-1.463,-1.3995555412519998
NC(=O)CCl,ESOL_chloroacetamide,-0.02,-0.106,-0.16792117425199984
CCCCOC(=O)c1ccccc1C(=O)OCCCC,ESOL_dibutylphthalate,-4.4,-4.378,-4.2705384632750025
C=CC1(C)OC(=O)N(c2cc(Cl)cc(Cl)c2)C1=O,ESOL_Vinclozolin,-4.925,-4.377,-4.328345719884669
O=[N+]([O-])c1ccc(Oc2ccc(Cl)cc2Cl)cc1,ESOL_Nitrofen,-5.46,-5.361,-5.362128459353336
CCCCS,ESOL_Butanethiol,-2.18,-1.676,-1.619015947718
CC(C)Cc1ccccc1,ESOL_Isobutylbenzene,-4.12,-3.57,-2.997570691844001
CC12CC(=O)C3C(CCC4=CC(=O)CCC43C)C1CCC2(O)C(=O)CO,ESOL_Cortisone,-3.11,-2.893,-3.649873106513001
CC(=O)C(C)C,ESOL_3-Methyl-2-butanone,-0.12,-0.912,-1.247330915945
Clc1ccc(-c2ccc(Cl)cc2)cc1,"ESOL_""4,4'-PCB""",-6.56,-5.299,-5.023933658460716
O=C(NC(=O)c1c(F)cccc1F)Nc1cc(Cl)c(F)c(Cl)c1F,ESOL_TEFLUBENZURON,-7.28,-5.462,-5.792199488526002
CCN1c2ccccc2C(=O)N(C)c2ccccc21,ESOL_RTI 19,-4.749,-4.007,-4.23128439759058
Cc1ncc([N+](=O)[O-])n1CCO,ESOL_Metranidazole,-1.26,-0.859,-1.092551904845733
CCCCOC=O,ESOL_Butyl acetate,-1.37,-1.111,-1.106222202482
O=c1[nH]cnc2[nH]ncc21,ESOL_allopurinol,-2.266,-0.84,-0.027796351714999834
CC(=O)C1CCC2C3CCC4=CC(=O)CCC4(C)C3CCC12C,ESOL_Progesterone,-4.42,-4.17,-5.384561893562004
CCCCOC,ESOL_Methyl butyl ether,-0.99,-1.072,-1.3789738941499998
O=[N+]([O-])c1ccc(O)cc1,ESOL_p-Nitrophenol,-0.74,-2.318,-1.8697463513749997
Oc1cccc2ncccc12,ESOL_5-hydroxyquinoline,-2.54,-2.725,-2.5113710651795453
CC(C)(C)CO,"ESOL_""2,2-Dimethylpropanol""",-0.4,-1.011,-1.107558470963
Cn1c(=O)on(-c2ccc(Cl)c(Cl)c2)c1=O,ESOL_Methazole,-2.82,-3.601,-2.826262592562
CN1c2ccccc2Oc2ncccc2C1=O,ESOL_RTI 10,-3.672,-2.771,-3.3762874964758827
CSc1nc(NC(C)C)nc(NC(C)C)n1,ESOL_Prometryn,-4.1,-3.693,-3.111535352924
CCCCCC(=O)OCC,ESOL_Ethyl hexanoate,-2.35,-2.254,-2.2281901045129997
CCOC(=O)c1ccc(N)cc1,ESOL_Ethyl-p-aminobenzoate,-2.1,-2.383,-2.0867865986519996
CC(=O)OC1(C)CCC2C3CCC4=CC(=O)CCC4(C)C3CCC21C,ESOL_methyltestosterone acetate,-5.284,-4.863,-5.658402672344004
CC1(C)C2CCC1(C)C(O)C2,ESOL_borneol,-2.32,-2.423,-2.438217081662
CC(C)C1CCC(C)CC1=O,ESOL_Menthone,-2.35,-2.516,-2.7596687402960014
CC(C)CNC(=O)N1CCNC1=O,ESOL_isocarbamid,-2.15,-1.508,-1.2358157029610002
Clc1ccc(-c2c(Cl)cccc2Cl)cc1,"ESOL_""2,4,6-PCB""",-6.14,-5.604,-5.721779859843002
CCN1c2cc(Cl)ccc2NC(=O)c2cccnc21,ESOL_RTI 24,-5.36,-4.423,-4.39394922539758
CCC(C)(C)C,"ESOL_""2,2-Dimethylbutane""",-3.55,-2.584,-2.146906900142001
CC1CCCC1,ESOL_Methylcyclopentane,-3.3,-2.452,-1.9664157349220002
Cc1cccc([N+](=O)[O-])c1,ESOL_m-Nitrotoluene,-2.44,-2.64,-2.3040217141364003
COP(=O)(OC)OC(=CCl)c1cc(Cl)c(Cl)cc1Cl,ESOL_Stirofos,-4.522,-4.32,-6.43359779668779
Nc1cc(N2CCCCC2)nc(N)[n+]1[O-],ESOL_Minoxidil,-1.989,-1.809,-1.2108217402359993
CCc1cccc(CC)c1N(COC)C(=O)CCl,ESOL_alachlor,-3.26,-3.319,-3.8163893635506674
C=C(C)C1CC=C(C)CC1,ESOL_d-Limonene,-4.26,-3.429,-3.128793409070002
CC(C)I,ESOL_2-Iodopropane,-2.09,-2.486,-2.274609229463
Cc1ccccc1N1C(=O)c2cc(S(N)(=O)=O)c(Cl)cc2NC1C,ESOL_Metolazone,-3.78,-3.777,-4.4015869222794
CC(C)C(Nc1ccc(C(F)(F)F)cc1Cl)C(=O)OC(C#N)c1cccc(Oc2ccccc2)c1,ESOL_Fluvalinate,-8.003,-8.057,-8.683476664572032
CCC(C)(C)O,ESOL_2-Methylbutan-2-ol,0.15,-0.954,-1.213369034438
COP(=S)(OC)Oc1ccc(SC)c(C)c1,ESOL_Fenthion,-4.57,-4.265,-4.385461914382401
CCCCCCCCBr,ESOL_1-Bromooctane,-5.06,-3.721,-3.7559567274530017
Cc1cncc(C)c1,"ESOL_""3,5-Dimethylpyridine""",0.38,-2.098,-2.0182275678458
CSc1ccccc1,ESOL_thioanisole,-2.39,-2.87,-2.644986549962001
Clc1ccc(-c2ccccc2Cl)cc1,"ESOL_""2,4-PCB""",-5.25,-5.142,-5.023933658460716
Clc1cc(Cl)c(Cl)cc1Cl,"ESOL_""1,2,4,5-Tetrachlorobenzene""",-5.56,-4.621,-4.632288276521001
Cc1ccc(C)c2ccccc12,"ESOL_""1,4-Dimethylnaphthalene """,-4.14,-4.147,-3.685190332326468
CCCCCCC,ESOL_Heptane,-4.53,-2.97,-2.5910151027260016
C=COCC,ESOL_Ethyl vinyl ether,-0.85,-0.857,-1.0883955560450003
CCN1c2cc(OC)cc(C)c2NC(=O)c2cccnc21,ESOL_RTI 23,-5.153,-4.228,-4.172007177800544
CCC(CC)CO,ESOL_2-Ethyl-1-butanol,-1.17,-1.381,-1.4604736516399999
C#CCCCCCCC,ESOL_1-Nonyne,-4.24,-2.864,-2.7401961027440014
ClCc1ccccc1,ESOL_Benzylchloride,-2.39,-2.887,-2.6736178444250003
CCCCCCBr,ESOL_1-Bromohexane,-3.81,-3.012,-3.018515186099001
Cc1cccnc1C,"ESOL_""2,3-Dimethylpyridine""",0.38,-2.067,-2.0182275678458
O=C1C=C2CC3(O)COc4c(O)c(O)ccc4C3=C2C=C1O,ESOL_hematein,-2.7,-1.795,-2.881011814695363
Clc1ccccc1I,ESOL_o-Chloroiodobenzene,-3.54,-4.384,-3.8315207910590003
Nc1nc[nH]n1,ESOL_Amitrole,0.522,-0.674,0.18246715111633371
C=CC(C)(O)CCC=C(C)C,ESOL_linalool,-1.99,-2.399,-2.728661889263001
CCCCCCCCCCCCCCCCCCCCCCCCCC,ESOL_hexacosane,-8.334,-9.702,-9.596709745588996
CCC(Br)(CC)C(=O)NC(N)=O,ESOL_Carbromal,-2.68,-2.198,-2.1334989550669996
CCC(C=O)CC,ESOL_2-Ethylbutanal,-1.52,-1.523,-1.6002460966219998
OCC1OC(OC2C(CO)OC(O)C(O)C2O)C(O)C(O)C1O,ESOL_Lactose,-0.244,1.071,1.9895788246269943
O=C1NC(=O)C(=O)N1,ESOL_parabanic acid,-0.4,1.091,0.6857432070850004
CC12CCC3C(CC=C4CC(O)CCC43C)C1CCC2=O,ESOL_Prasterone,-4.12,-3.564,-4.597352880701003
NNc1ccccc1,ESOL_Phenylhydrazine,0.07,-1.866,-1.469848687961
CCCCOCCO,ESOL_2-Butoxyethanol,-0.42,-0.775,-1.0770670063249999
c1ccc(-c2ccccc2)cc1,ESOL_Biphenyl,-4.345,-4.079,-3.6383794228390016
CNC(=O)Oc1ccccc1C(C)C,ESOL_Isoprocarb,-2.863,-2.734,-3.0393037188238576
Nc1nc(N)c2nc(-c3ccccc3)c(N)nc2n1,ESOL_Triamterene,-2.404,-3.051,-2.3809553670771058
CC12CCC(CC1)C(C)(C)O2,"ESOL_""1,8-Cineole""",-1.74,-2.579,-2.847054248324001
CC(C)C,ESOL_2-Methylpropane,-2.55,-1.891,-1.393659768788
CCOC(=O)c1ccccc1C(=O)OCC,ESOL_Diethyl phthalate,-2.35,-3.016,-2.8222680693169995
COc1ccc(Oc2ccc(NC(=O)N(C)C)cc2)cc1,ESOL_Difenoxuron,-4.16,-3.928,-4.469657752044144
COP(=S)(OC)SCC(=O)N(C)C=O,ESOL_Formothion,-1.995,-2.087,-2.0279802463759995
CC(C)CBr,ESOL_1-Bromo-2-methylpropane,-2.43,-2.288,-2.1898806228380003
Clc1cc(Cl)c(-c2c(Cl)cccc2Cl)c(Cl)c1,"ESOL_""2,2,4,6,6'-PCB""",-7.32,-6.545,-7.124628615884884
CCC(C)(O)CC,ESOL_3-Methyl-3-pentanol,-0.36,-1.308,-1.5820898051149999
CC(C)Nc1nc(Cl)nc(NC(C)C)n1,ESOL_Propazine,-4.43,-3.329,-3.006565746229
O=C1NC(=O)C2(CCCCCCC2)C(=O)N1,ESOL_Cyclooctyl-5-spirobarbituric acid,-2.982,-2.284,-2.0871723112039997
CS(=O)(=O)c1ccc(C(O)C(CO)NC(=O)C(Cl)Cl)cc1,ESOL_Thiamphenicol,-2.154,-1.936,-2.4663847247065718
Clc1cc(Cl)c(Cl)c(Cl)c1Cl,ESOL_Pentachlorobenzene,-5.65,-5.168,-5.331056129461728
CC1COC2CC3(C)C(CC4C5C=C6CC(O)CCC6(C)CC5CCC43C)OC2C1,ESOL_Diosgenin,-7.32,-5.681,-6.660870355643006
COC(=O)c1ccccc1OC1OC(COC2OCC(O)C(O)C2O)C(O)C(O)C1O,ESOL_Monotropitoside,-0.742,-1.493,-0.6013029715726143
N#CC(Cl)(Cl)Cl,ESOL_Trichloroacetonitrile,-2.168,-2.019,-2.1388500092156
C#CC,ESOL_Propyne,-0.41,-0.672,-0.512065888682
CCC(C)C,ESOL_2-Methylbutane,-3.18,-2.245,-1.762380539465
CCc1ccccc1C,ESOL_2-Ethyltoluene,-3.21,-3.296,-2.698854383953734
CCI,ESOL_Iodoethane,-1.6,-2.066,-1.8912709172180002
Cc1c[nH]c2ccccc12,ESOL_3-methylindole,-2.42,-2.981,-2.4536890417604
CC1(C)OC2CC3C4CCC5=CC(=O)C=CC5(C)C4(F)C(O)CC3(C)C2(C(=O)CO)O1,ESOL_triamcinolone acetonide,-4.31,-3.928,-4.469249497043003
Nc1ncnc2c1ccn2C1OC(CO)C(O)C1O,ESOL_tubercidin,-1.95,-0.892,-0.6824554248406837
Fc1ccc(F)cc1,"ESOL_""1,4-Difluorobenzene""",-1.97,-2.636,-2.262929971463
Oc1ccc(Cl)cc1Cc1cc(Cl)ccc1O,ESOL_Dichlorophen,-3.953,-4.924,-4.771942165580885
CC(=O)CC(c1ccccc1)c1c(O)c2ccccc2oc1=O,ESOL_Warfarin,-3.893,-3.913,-4.715384911443786
Clc1ccc(C(c2ccc(Cl)cc2)C(Cl)(Cl)Cl)cc1,ESOL_DDT,-7.15,-6.638,-7.16349199173358
Clc1ccc(-c2ccc(Cl)c(Cl)c2Cl)c(Cl)c1Cl,"ESOL_""2,2',3,3',4,4'-PCB""",-8.01,-7.192,-7.828836020180335
CC(=O)C1(C)CCC2C3C=C(C)C4=CC(=O)CCC4(C)C3CCC21C,ESOL_Medrogestone,-5.27,-4.593,-5.973653525636005
CNC(=O)C(C)SCCSP(=O)(OC)OC,ESOL_vamidothion,1.144,-1.446,-3.043619631730999
Nc1ccc([N+](=O)[O-])cc1,ESOL_p-Nitroaniline,-2.37,-1.936,-1.771463274857
Nc1cnn(-c2ccccc2)c(=O)c1Br,ESOL_brompyrazone,-3.127,-3.005,-3.005072093511
ClC(Cl)=C(Cl)C(Cl)=C(Cl)Cl,"ESOL_""Hexachloro-1,3-butadiene""",-4.92,-4.546,-5.046510543365
CCCCCCCO,ESOL_1-Heptanol,-1.81,-1.751,-1.920387444224
CC1(C)C(C(=O)OC(C#N)c2cccc(Oc3ccccc3)c2)C1(C)C,ESOL_Fenpropathrin,-6.025,-6.15,-6.110782738599297
CC=CC=O,ESOL_t-Crotonaldehyde,0.32,-0.604,-0.7898420778950002
Clc1ccc(C(c2ccc(Cl)cc2)C(Cl)Cl)cc1,ESOL_DDD,-7.2,-6.008,-6.522345717230336
COP(=O)(NC(C)=O)SC,ESOL_Acephate,0.54,-0.416,-1.862552463017
CCC(=O)OC,ESOL_Methyl propionate,-0.14,-0.836,-0.753307021805
Brc1cc(Br)cc(Br)c1,"ESOL_""1,3,5-Tribromobenzene""",-5.6,-5.27,-5.082724628207335
O=c1cc[nH]c(=O)[nH]1,ESOL_uracil,-1.488,-0.441,0.6208132124950002
c1n[nH]c2ccccc12,ESOL_indazole,-2.16,-2.34,-1.7227472185869999
CCNP(=S)(OC)OC(C)=CC(=O)OC(C)C,ESOL_Propetamphos,-3.408,-2.826,-3.278981905943
CCOP(=S)(OCC)SCSC(C)(C)C,ESOL_Terbufos,-4.755,-4.367,-4.936609760468003
CCC(C)CC,ESOL_3-Methylpentane,-3.68,-2.6,-2.1311013101420007
C=CCCCCCCC,ESOL_1-Nonene,-5.05,-3.427,-3.1484955548000015
Cc1c([N+](=O)[O-])cc([N+](=O)[O-])cc1[N+](=O)[O-],"ESOL_""2,4,6-Trinitrotoluene""",-3.22,-2.606,-2.6648778320144
CCCCCCCC(=O)OCC,ESOL_Ethyl octanoate,-3.39,-2.962,-2.9656316458670013
CCC(C)=O,ESOL_2-Butanone,0.52,-0.491,-0.969803167175
CCCOC(=O)CC,ESOL_Methyl butyrate,-0.82,-1.545,-1.490748563159
c1ccc2c(c1)ccc1ccccc12,ESOL_Phenanthrene,-5.26,-4.518,-4.291420854577002
N#CN=C(N)N,ESOL_2-cyanoguanidine,-0.31,0.361,0.6000277606954001
CCC#N,ESOL_Propionitrile,0.28,-0.269,-0.8218779745616
ClC1C(Cl)C(Cl)C(Cl)C(Cl)C1Cl,ESOL_Lindane,-4.64,-4.009,-4.439244856355001
CC(Cl)Cl,"ESOL_""1,1-Dichloroethane""",-1.29,-1.576,-1.7795073994670003
CCCCC(C)O,ESOL_2-Hexanol,-0.89,-1.324,-1.5662842151149998
O=C(CC(Cl)Cl)NC1=C(Cl)C(=O)c2ccccc2C1=O,ESOL_Quinonamid,-5.03,-3.988,-4.157062659287001
CCOP(=S)(OCC)Oc1nc(Cl)c(Cl)cc1Cl,ESOL_chlorpyrifos,-5.67,-4.972,-5.664097788870668
Cc1ccc(C(C)C)c(O)c1,ESOL_Thymol,-2.22,-3.129,-3.056869887175129
CCC1(C2=CCCCC2)C(=O)NC(=O)NC1=O,ESOL_cyclobarbital,-2.17,-2.421,-2.2601264026009993
c1ccc2cc3cc4ccccc4cc3cc2c1,ESOL_Napthacene,-8.6,-5.568,-5.486265044941002
ClC(Cl)C(Cl)(Cl)Cl,ESOL_Pentachloroethane,-2.6,-3.382,-3.4652002047980006
CCCCCC(C)(C)O,ESOL_2-Methyl-2-heptanol,-1.72,-2.017,-2.3195313464690006
O=C1c2ccccc2Cc2ccccc2N1CCF,ESOL_RTI 20,-4.799,-3.663,-4.06667324491558
CC1=C(C(=O)Nc2ccccc2)SCCO1,ESOL_Carboxin,-3.14,-2.927,-3.3887319333170014
CCN1c2cc(N(C)C)cc(C)c2NC(=O)c2cccnc21,ESOL_RTI 22,-4.871,-4.408,-4.293622360864129
O=[N+]([O-])c1ccc(C=NO)o1,ESOL_nifuroxime,-2.19,-1.843,-1.6911117372372726
CBr,ESOL_Bromomethane,-0.79,-1.109,-1.159105742714
O=c1oc2ccccc2c(O)c1C(CC(O)c1ccc(-c2ccc(Br)cc2)cc1)c1ccccc1,ESOL_bromadiolone,-4.445,-7.877,-8.856333276066005
ClC(Cl)C(Cl)Cl,"ESOL_""1,1,2,2-Tetrachloroethane""",-1.74,-2.549,-2.811603549593
O=C1c2ccccc2C(=O)N1C1CCC(=O)NC1=O,ESOL_Thalidomide,-2.676,-1.944,-1.674140867438789
CCN(CC)C(=S)SSC(=S)N(CC)CC,ESOL_Disulfiram,-4.86,-3.862,-4.318452490091003
Cc1ccc(NC(=O)N(C)C)cc1Cl,ESOL_Chlorotoluron,-3.46,-3.048,-3.345235991828258
CC(=O)Nc1nnc(S(N)(=O)=O)s1,ESOL_acetazolamide,-2.36,-0.793,-0.7227292010930767
NC(=O)c1ccccc1O,ESOL_Salicylamide,-1.836,-1.942,-1.255479869264
Fc1cccc(Br)c1,ESOL_m-Fluorobromobenzene,-2.67,-3.467,-3.1377336650810004
Oc1ccc2ncccc2c1,ESOL_6-hydroxyquinoline,-2.16,-2.725,-2.5113710651795453
COC1=C(OC)C2C(=O)OCC2C=C1,ESOL_meconin,-1.899,-0.825,-1.6925711623129998
C#CCCCCC,ESOL_1-Heptyne,-3.01,-2.155,-2.0027545613900006
Oc1c(Cl)c(Cl)cc(Cl)c1Cl,"ESOL_""2,3,5,6-Tetrachlorophenol""",-3.37,-4.203,-4.502534719255727
CCCCC,ESOL_Pentane,-3.18,-2.261,-1.8535735613720001
O=[N+]([O-])c1ccccc1O,ESOL_o-Nitrophenol,-1.74,-2.318,-1.8697463513750001
CCCCCOC(=O)CC,ESOL_Ethyl butyrate,-1.28,-2.254,-2.2281901045129997
Oc1ccccn1,ESOL_2-Hydroxypyridine,1.02,-1.655,-1.2980938436467142
ClC1=C(Cl)C2(Cl)C3CC=CC3C1(Cl)C2(Cl)Cl,ESOL_Chlordene,-5.64,-5.152,-5.788712097101001
O=C(Nc1ccc([N+](=O)[O-])cc1Cl)c1cc(Cl)ccc1O,ESOL_Niclosamide,-4.7,-5.032,-4.983941947839144
ClC(Cl)(Cl)C(Cl)(Cl)Cl,ESOL_Hexachloroethane,-3.67,-4.215,-4.118796860003
Ic1cccc2ccccc12,ESOL_1-Iodonapthalene,-4.55,-4.889,-4.364693603709546
C=CCC=C,"ESOL_""1,4-Pentadiene """,-2.09,-1.758,-1.493651382812
Oc1cc(Cl)ccc1Oc1ccc(Cl)cc1Cl,ESOL_Triclosan,-4.46,-5.645,-5.763420159791885
CCC(C)C(C)C,"ESOL_""2,3-Dimethylpentane""",-4.28,-2.938,-2.408629058912001
Cn1c2ncn(CC(O)CO)c2c(=O)n(C)c1=O,ESOL_Dyphylline,-0.17,-0.847,0.02755799246999932
O=[N+]([O-])c1c(Cl)c(Cl)c(Cl)c(Cl)c1Cl,ESOL_Quintozene,-5.82,-5.098,-5.509928901395856
Clc1ccc(Cl)c(-c2c(Cl)c(Cl)c(Cl)c(Cl)c2Cl)c1,"ESOL_""2,2',3,4,5,5',6-PCB""",-8.94,-7.898,-8.53450817514658
Cc1cccc(C)c1NC(=O)c1cc(S(N)(=O)=O)c(Cl)cc1O,ESOL_Xipamide,-3.79,-3.642,-4.190263662320888
CCSC(=O)N(CC)C1CCCCC1,ESOL_cycloate,-3.4,-3.35,-3.7530578286740015
Clc1cc(Cl)c(-c2cc(Cl)c(Cl)cc2Cl)cc1Cl,"ESOL_""2,2',4,4',5,5'-PCB""",-8.56,-7.343,-7.828836020180335
Nc1cc[nH]c(=O)n1,ESOL_cytosine,-1.155,0.051,0.0551257215790002
Cc1cc2ccccc2cc1C,"ESOL_""2,3-Dimethylnaphthalene""",-4.72,-4.116,-3.685190332326468
CCC,ESOL_Propane,-1.94,-1.553,-1.1161320200179998
ClC(Cl)=C(c1ccc(Cl)cc1)c1ccc(Cl)cc1,"ESOL_""P,P'-DDE""",-6.9,-6.553,-6.716758085333337
Cc1ccccc1C,ESOL_o-Xylene,-2.8,-3.004,-2.4607764877958003
Cc1c(N)c(=O)n(-c2ccccc2)n1C,ESOL_ampyrone,-0.624,-1.192,-2.177217283271067
C=C(Cl)Cl,"ESOL_""1,1-Dichloroethylene""",-1.64,-1.939,-1.858837880471
CCOCC,ESOL_Diethyl ether,-0.09,-0.718,-1.0102531234730001
CCCCCCCCCCCCCCCCO,ESOL_1-Hexadecanol,-7,-4.94,-5.238874380317005
Clc1c(Cl)c(Cl)c(-c2ccccc2)c(Cl)c1Cl,"ESOL_""2,3,4,5,6-PCB""",-7.92,-6.785,-7.124628615884884
O=[N+]([O-])c1ccccc1[N+](=O)[O-],"ESOL_""1,2-Dinitrobenzene""",-3.1,-2.281,-2.1650087329769994
CCCCCC,ESOL_Hexane,-3.84,-2.615,-2.2222943320490005
ClCC(Cl)(Cl)Cl,"ESOL_""1,1,1,2-Tetrachloroethane""",-2.18,-2.794,-2.8127915980250005
CC(C)CCOC=O,ESOL_Isopentyl formate,-1.52,-1.449,-1.383749951252
Cc1cc(C)cc(O)c1,"ESOL_""3,5-Dimethylphenol""",-1.4,-2.652,-2.320807959091133
CCOC(C)OCC,"ESOL_""1,1-Diethoxyethane """,-0.43,-0.899,-1.545816061025
CCOC(=O)c1ccccc1,ESOL_Ethyl benzoate,-2.32,-2.775,-2.3115974519807274
COc1cc2c(N)nc(N3CCN(C(=O)OCC(C)(C)O)CC3)nc2c(OC)c1OC,ESOL_Trimazosin,-3.638,-3.958,-3.640463028407357
Cn1ccc(=O)[nH]c1=O,ESOL_1-methyluracil,-0.807,-0.375,0.18996991239066674
CC(C)NC(=O)N1CC(=O)N(c2cc(Cl)cc(Cl)c2)C1=O,ESOL_Rovral,-4.376,-4.004,-4.175865653345572
CCCCC(C)CC,ESOL_3-Methylheptane,-5.16,-3.308,-2.8685428514960014
CC=CC=O,ESOL_2-butenal,0.32,-0.604,-0.7898420778950002
CC(=O)OCC(=O)C1(O)C(OC(C)=O)CC2C3CCC4=CC(=O)C=CC4(C)C3(F)C(O)CC21C,ESOL_triamcinolone diacetate,-4.13,-3.876,-4.216042576184002
CCC1(CC)C(=O)NC(=O)N(C)C1=O,ESOL_metharbital,-2.23,-1.658,-1.4472379651369998
CC1(C)C(=O)C2(C)CCC1C2,ESOL_D-fenchone,-1.85,-2.158,-2.5791775750760007
COP(=S)(OC)Oc1ccc([N+](=O)[O-])c(C)c1,ESOL_Fenitrothion,-4.04,-3.845,-3.7660187064363417
COC1=CC2OC3C=CC(O)=CC3C(=O)C2C(O)=C1,ESOL_gentisin,-2.943,-1.292,-2.6771358520730004
Cc1ncnc2nccnc12,ESOL_4-methylpteridine,-0.466,-1.24,-1.6179996680909452
Cc1ccc(Br)cc1,ESOL_4-Bromotoluene,-3.19,-3.667,-3.236656923247401
CCCCCCCC(C)=O,ESOL_2-Nonanone,-2.58,-2.263,-2.813407020560001
CCC1(c2ccccc2)C(=O)NCNC1=O,ESOL_Primidone,-2.64,-1.897,-1.7431917195499993
CC1(C)C(C=C(Cl)C(F)(F)F)C1C(=O)OC(C#N)c1cccc(Oc2ccccc2)c1,ESOL_Cyhalothrin,-8.176,-6.905,-7.67866913274483
CCCCC(C)=O,ESOL_2-Hexanone,-0.8,-1.2,-1.707244708529
C=CCCCCC,ESOL_1-Heptene,-3.73,-2.718,-2.411054013446001
C1=Cc2cccc3cccc1c23,ESOL_Acenapthylene,-3.96,-3.682,-3.5591354876056673
c1ccc2c(c1)-c1cccc3cccc-2c13,ESOL_Fluoranthene,-6,-4.957,-4.820841301111002
CCCCc1c(C)nc(NCC)[nH]c1=O,ESOL_Ethirimol,-3.028,-2.732,-2.2624969411383997
CCOC(=O)Nc1cccc(OC(=O)Nc2ccccc2)c1,ESOL_Desmedipham,-4.632,-4.182,-4.734944658532728
O=C(Nc1ccccc1)c1ccccc1O,ESOL_salicylanilide,-3.59,-3.782,-3.390713329082
CCOP(=S)(OCC)Oc1nc(Cl)n(C(C)C)n1,ESOL_Isazofos,-3.658,-3.76,-4.24377548695489
CCCCCCO,ESOL_1-Hexanol,-1.24,-1.397,-1.551666673547
CC(C)Br,ESOL_2-Bromopropane,-1.59,-1.949,-1.9269704156360001
COc1c2occc2c(OC)c2c(=O)cc(C)oc12,ESOL_Khellin,-3.021,-3.603,-3.8646929418026112
CCCCCC1CCCC1,ESOL_Pentylcyclopentane,-6.08,-3.869,-3.4412988176300017
CCCCCCCC(=O)OCN1C(=O)NC(c2ccccc2)(c2ccccc2)C1=O,ESOL_3-Octanoyloxymethylphenytoin,-6.523,-4.84,-5.721978900331002
CCCOC(C)=O,ESOL_Propyl acetate,-0.72,-1.125,-1.122027792482
NC(=O)c1ccccc1O,ESOL_o-Hydroxybenzamide,-1.82,-1.942,-1.255479869264
CCCCC(CC)COC(=O)c1ccccc1C(=O)OCC(CC)CCCC,ESOL_Di(2-ethylhexyl)-phthalate,-6.96,-7.117,-7.0075040834484374
Nc1cccc(Cl)c1,ESOL_m-Chloroaniline,-1.37,-2.392,-2.322464095961
CCCCCCCCCCO,ESOL_1-Decanol,-3.63,-2.814,-3.0265497562550014
Cc1ccc2c(c1)C(=O)N(C)c1cc(N)ccc1O2,ESOL_RTI 11,-3.928,-3.125,-3.90766544151898
c1ccc2c(c1)Cc1c-2ccc2ccccc12,ESOL_Benzo(a)fluorene,-6.68,-5.189,-4.838253099828179
COc1ncc2nccnc2n1,ESOL_2-methoxypteridine,-1.11,-1.589,-1.4608891857016664
COc1nc(NC(C)C)nc(NC(C)C)n1,ESOL_Prometon,-2.478,-3.448,-2.4732198239330003
CCCCCCCC,ESOL_Octane,-5.24,-3.324,-2.959735873403002
Nc1cc2c3ccccc3ccc2c2ccccc12,ESOL_6-aminochrysene,-6.2,-4.849,-5.258907522832371
CCCCCC(=O)OCN1C(=O)NC(c2ccccc2)(c2ccccc2)C1=O,ESOL_3-Hexanoyloxymethylphenyltoin,-5.886,-4.153,-4.994675526119859
NC(=S)Nc1ccccc1,ESOL_Phenylthiourea,-1.77,-1.701,-1.9735813852339998
COc1ccc([N+](=O)[O-])cc1,ESOL_p-Nitroanisole,-2.41,-2.522,-2.154438052807727
Clc1ccc2ccccc2c1,ESOL_2-Chloronapthalene,-4.14,-4.063,-3.7824413953355465
CCN(CC)C(=O)C(Cl)=CCOP(=O)(OC)OC,ESOL_Dimecron,0.523,-2.426,-3.4291910869669997
O=C1C2(Cl)C3(Cl)C4(Cl)C1(Cl)C1(Cl)C2(Cl)C3(Cl)C(Cl)(Cl)C41Cl,ESOL_Kepone,-5.259,-5.112,-6.513625564631001
CCC(C)O,ESOL_Butan-2-ol,0.47,-0.616,-0.8288426737609998
Cc1cc(=O)n(-c2ccccc2)n1C,ESOL_Antipyrene,0.715,-1.733,-2.404485874088971
CCOC(=O)C=Cc1ccccc1,ESOL_ethyl cinnamate,-3,-3.098,-2.7388268188076927
CCBr,ESOL_Bromoethane,-1.09,-1.529,-1.543632103391
CC(C)=CC1C(C(=O)OCc2cccc(Oc3ccccc3)c2)C1(C)C,ESOL_phenothrin,-5.24,-6.763,-6.466898042309698
CCCCCCCCCCCCO,ESOL_1-Dodecanol,-4.8,-3.523,-3.763991297609003
CC(=O)OCCC(C)C,ESOL_Isopentyl acetate,-1.92,-1.817,-1.768276311929
CN(C)C(=O)Nc1ccc(Cl)c(Cl)c1,ESOL_Diuron,-3.8,-3.301,-3.7394820392728585
CCOc1ccccc1,ESOL_Phenetole,-2.33,-2.66,-2.3458221374813335
O=C(OCC(O)CO)c1ccccc1Nc1ccnc2cc(Cl)ccc21,ESOL_Glafenine,-4.571,-5.052,-4.728178322529924
CCCCSP(=O)(SCCCC)SCCCC,ESOL_DEF,-5.14,-4.074,-6.674511754355005
Cc1c(F)c(F)c(COC(=O)C2C(C=C(Cl)C(F)(F)F)C2(C)C)c(F)c1F,ESOL_Tetrafluthrin,-7.321,-6.339,-6.704601962269514
Nc1ccccc1[N+](=O)[O-],ESOL_o-Nitroaniline,-1.96,-2.277,-1.771463274857
OCC(O)C(O)C(O)C(O)CO,ESOL_mannitol,0.06,0.647,1.7430014526910007
CCCCOc1ccc(C(=O)OCC)c(N(CC)CC)c1,ESOL_stadacaine,-3.84,-5.128,-4.581162867413575
N#CCCCl,ESOL_3-chloropropionitrile,-0.29,-0.522,-1.2015655179146
CNC(=O)Oc1cc(C(C)(C)C)cc(C(C)(C)C)c1,ESOL_butacarb,-4.24,-4.642,-4.5505131050787915
c1ccc2c(c1)cc1ccc3cccc4ccc2c1c34,ESOL_Benzo(a)pyrene,-8.699,-6.007,-6.087562421611002
O=C1NC(=O)C2(CCCCC2)C(=O)N1,ESOL_Cyclohexyl-5-spirobarbituric acid,-3.06,-1.405,-1.31811958985
CCOC(N)=O,ESOL_O-Ethyl carbamate,0.85,-0.218,-0.4126332548990001
Nc1cnn(-c2ccccc2)c(=O)c1Cl,ESOL_Pyrazon,-2.878,-2.603,-2.623437705504
Nc1ncnc2nc[nH]c21,ESOL_adenine,-2.12,-1.255,-0.593483842631
ClCCBr,ESOL_1-Chloro-2-bromoethane,-1.32,-1.738,-1.9233196467440001
C1=CCCCCC1,ESOL_Cycloheptene,-3.18,-2.599,-2.2779796182260004
CCC(C)(C)Cl,ESOL_2-Chloro-2-methylbutane,-2.51,-2.278,-2.2636842362930003
c1ccc2c(c1)CCC2,ESOL_Indan,-3.04,-3.057,-2.4172899983813334
CN(C)C(=O)Nc1cccc(C(F)(F)F)c1,ESOL_Fluometuron,-3.43,-3.065,-3.48477926447
NC(=O)c1ccccc1,ESOL_Benzamide,-0.96,-1.501,-1.389534467135333
OCc1ccccc1,ESOL_Phenylmethanol,-0.4,-1.699,-1.62330264257
CCCCCC(=O)OC,ESOL_Methyl hexanoate,-1.87,-1.899,-1.859469333836
COC=O,ESOL_Methyl formate,0.58,-0.048,-5.9890450999945666e-05
Cc1ccnc2c1NC(=O)c1cccnc1N2C1CC1,ESOL_nevirapine,-3.19,-3.397,-3.7329904723964007
CCCC(C)(O)CC,ESOL_3-Methyl-3-hexanol,-0.98,-1.663,-1.9508105757919998
CCN1c2ncccc2C(=O)N(C)c2ccc(Cl)nc21,ESOL_RTI 12,-4.114,-3.446,-4.053103750727002
CC12CCC3C(CCC4=CC(=O)CCC43C)C1CCC2C(=O)CO,ESOL_Deoxycorticosterone,-3.45,-3.939,-4.713934235060003
C1CCOCC1,ESOL_Tetrahydropyran,-0.03,-0.978,-1.23009390893
O=Cc1ccc(O)cc1,ESOL_p-Hydroxybenzaldehyde,-0.96,-2.003,-1.7074579975193331
N#CCCl,ESOL_Chloroacetonitrile,-0.092,-0.448,-0.8328447472376
CN1CC(O)N(c2nnc(C(C)(C)C)s2)C1=O,ESOL_Buthidazole,-1.877,-2.398,-2.334275408577117
CC1(C)C(=O)NC(=O)NC1=O,"ESOL_""5,5-Dimethylbarbituric acid""",-1.742,-0.556,-0.36083726303899955
CCCOP(=S)(OCCC)SCC(=O)N1CCCCC1C,ESOL_Piperophos,-4.15,-4.637,-5.116235659808004
NC(N)=O,ESOL_Urea,0.96,0.832,0.552440136007
CC(=O)OC(C)C,ESOL_Isopropyl acetate,-0.55,-1.191,-1.1366453340499998
C1=CCCC1,ESOL_Cyclopentene,-2.1,-1.72,-1.508926896872
CC=CCC,ESOL_cis-2-Pentene,-2.54,-2.076,-1.689418062092
Clc1c(Cl)c(Cl)c2nccnc2c1Cl,ESOL_chlorquinox,-5.43,-4.438,-4.982587295556429
C1CCCCCC1,ESOL_Cycloheptane,-3.51,-2.916,-2.457940707506001
CC1(C)C2CCC1(C)C(=O)C2,ESOL_Camphor,-1.96,-2.158,-2.5791775750760007
CCc1ccc(C)cc1,ESOL_4-Ethyltoluene,-3.11,-3.328,-2.698854383953734
CC12CC1(C)C(=O)N(c1cc(Cl)cc(Cl)c1)C2=O,ESOL_Procymidone,-4.8,-3.464,-4.228048385916668
C#CCCCCCC,ESOL_1-Octyne,-3.66,-2.509,-2.3714753320670003
O=C1CCCN1,ESOL_2-pyrrolidone,1.07,0.243,-0.26490618009499994
CC=CCC,ESOL_trans-2-Pentene,-2.54,-2.076,-1.689418062092
CCCCOC(=O)CCCCCCCCC(=O)OCCCC,ESOL_dibutyl sebacate,-3.896,-4.726,-5.183852042393005
OC(c1ccc(Cl)cc1)(c1ccc(Cl)cc1)C(Cl)(Cl)Cl,ESOL_Dicofol,-5.666,-6.268,-6.595181564132002
O=C1NC(=O)C2C3C(C(O)(c4ccccc4)c4ccccn4)=CC(C3=C(c3ccccc3)c3ccccn3)C12,ESOL_norbormide,-3.931,-4.238,-6.5504459780319255
CCOC(=O)CCN(SN(C)C(=O)Oc1cccc2c1OC(C)(C)C2)C(C)C,ESOL_Benfuracarb,-4.71,-5.133,-5.4577230116634325
c1ccc(Oc2ccccc2)cc1,ESOL_Diphenyl ether,-3.96,-4.254,-3.7965198472353863
CCC1(CCC(C)C)C(=O)NC(=O)NC1=O,ESOL_5-Ethyl-5-(3-methylbutyl)barbital,-2.658,-2.312,-2.113248094516999
CCCBr,ESOL_1-Bromopropane,-1.73,-1.949,-1.9123528740680003
c1ccc2[nH]nnc2c1,ESOL_Benzotriazole,-0.78,-2.21,-1.2801982986369997
Clc1ccc(-c2cc(Cl)ccc2Cl)cc1,"ESOL_""2,4',5-PCB""",-6.25,-5.762,-5.721779859843002
CCN(CC)c1c([N+](=O)[O-])cc(C(F)(F)F)c(N)c1[N+](=O)[O-],ESOL_Dinitramine,-5.47,-4.479,-4.138154380107364
CCNc1nc(NC(C)(C)C)nc(OC)n1,ESOL_Terbumeton,-3.239,-3.505,-2.474407872365
CCCCC(C=O)CC,ESOL_2-Ethylhexanal,-2.13,-2.232,-2.3376876379760003
CC(C)CC(C)C,"ESOL_""2,4-Dimethylpentane""",-4.26,-2.938,-2.408629058912001
CC(=O)OCC(=O)C1(O)CCC2C3CCC4=CC(=O)CCC4(C)C3C(O)CC21C,ESOL_Hydrocortisone 21-acetate,-4.88,-3.692,-4.185436044065002
CC(C)(C)C(=O)C(Oc1ccc(Cl)cc1)n1cncn1,ESOL_Triadimefon,-3.61,-4.132,-4.188948262528001
CC(C)CC(C)O,ESOL_4-Methyl-2-pentanol,-0.8,-1.308,-1.4750911932079998
CC12CCC3C(CCC4CC5SC5CC43C)C1CCC2O,ESOL_Epitostanol,-5.41,-4.545,-5.168663931170004
CCCC(=O)CCC,ESOL_4-Heptanone,-1.3,-1.62,-2.0759654792060003
CSSC,ESOL_Dimethyldisulfide,-1.44,-1.524,-1.5959507163650002
C#CC1(O)CCC2C3CCC4=CC(=O)CCC4(C)C3CCC21C,ESOL_Ethisterone,-5.66,-3.858,-4.762339470719002
COc1cnc2cncnc2n1,ESOL_7-methoxypteridine,-0.91,-1.589,-1.4608891857016664
CCC(O)C(C)C,ESOL_2-Methyl-3-pentanol,-0.7,-1.308,-1.475091193208
O=C(Cn1ccnc1[N+](=O)[O-])NCc1ccccc1,ESOL_Benznidazole,-2.81,-2.321,-2.459458756074947
Oc1cc(Cl)cc(Cl)c1,"ESOL_""3,5-Dichlorophenol""",-1.34,-3.428,-3.1093000539803333
CCNC(=O)C(C)OC(=O)Nc1ccccc1,ESOL_Carbetamide,-1.83,-2.29,-2.685396337788941
CC(C)O,ESOL_2-Propanol,0.43,-0.261,-0.46012190308400003
Oc1ccccc1Cl,ESOL_2-Chlorophenol,-1.06,-2.553,-2.4207471724790004
c1ccc(N=Nc2ccccc2)cc1,ESOL_Azobenzene,-4.45,-4.034,-4.317052733892717
CCCCC(=O)OCN1C(=O)NC(c2ccccc2)(c2ccccc2)C1=O,ESOL_3-Pentanoyloxymethylphenytoin,-4.678,-3.81,-4.631587070522224
N#Cc1ccccc1C#N,ESOL_Phthalonitrile,-2.38,-1.717,-1.9075229263562
C1=CCC=CC1,"ESOL_""1,4-Cyclohexadiene""",-2.06,-1.842,-1.713492168269
C=CCC1(c2ccccc2)C(=O)NC(=O)NC1=O,ESOL_5-Allyl-5-phenylbarbital,-2.369,-2.36,-2.132395470888667
CC(=O)C1(O)CCC2C3CCC4=CC(=O)CCC4(C)C3CCC21C,ESOL_Hydroxyprogesterone-17a,-3.817,-3.876,-4.835550388535002
COc1cc(OC)c(Cl)c2c1C(=O)C1(O2)C(OC)=CC(=O)CC1C,ESOL_Griseofulvin,-3.246,-3.328,-4.280082341548002
CCCC(C)(C)O,ESOL_2-Methyl-2-pentanol,-0.49,-1.308,-1.5820898051149999
Clc1cc(Cl)c(Cl)c(Cl)c1,"ESOL_""1,2,3,5-Tetrachlorobenzene""",-4.63,-4.621,-4.632288276521001
CCCCC(=O)CCCC,ESOL_5-Nonanone,-2.58,-2.329,-2.813407020560001
Cc1cc(C)c2ccccc2c1,"ESOL_""1,3-Dimethylnaphthalene""",-4.29,-4.147,-3.685190332326468
CC(=O)CC(c1ccc(Cl)cc1)c1c(O)c2ccccc2oc1=O,ESOL_Coumachlor,-5.839,-4.554,-5.423222350010336
Cc1ccc(O)cc1C,"ESOL_""3,4-Dimethylphenol""",-1.38,-2.621,-2.320807959091133
O=[N+]([O-])c1ccc(Cl)cc1,ESOL_p-Chloronitrobenzene,-2.92,-2.901,-2.698267761581001
c1ccc(Nc2ccccc2)cc1,ESOL_Diphenylamine,-3.504,-3.857,-3.753703781886386
CC(=O)OC1(C(C)=O)CCC2C3C=C(C)C4=CC(=O)CCC4(C)C3CCC21C,ESOL_megestrol acetate,-5.35,-4.417,-5.7166390908980045
Cc1ccccc1Cl,ESOL_2-Chlorotoluene,-3.52,-3.297,-2.855022535240401
O=C1NC(=O)C(=O)C(=O)N1,ESOL_alloxan,-1.25,0.436,0.8162664699280001
Nc1ccc(S(N)(=O)=O)cc1,ESOL_Sulfanilamide,-1.34,-0.954,-1.0464314608637268
CC1=C(C(=O)Nc2ccccc2)CCCO1,ESOL_pyracarbolid,-2.56,-2.83,-3.3331829704820013
CC12CCC3C(CCC4CC(O)CCC43C)C1CCC2=O,ESOL_Epiandrosterone,-4.16,-3.882,-4.670315358074002
CC(=O)OCC(=O)C1(O)C(C)CC2C3CCC4=CC(=O)C=CC4(C)C3(F)C(O)CC21C,ESOL_dexamethasone acetate,-4.9,-3.933,-4.473057010922003
C1CCC2CCCCC2C1,ESOL_Decalin,-5.19,-3.715,-3.201225810503002
c1ccccc1,ESOL_Benzene,-1.64,-2.418,-1.9017324738490002
CC(C)C(C)C,"ESOL_""2,3-Dimethylbutane""",-3.65,-2.584,-2.0399082882350004
Nc1ccc(-c2ccc(N)cc2)cc1,"ESOL_""p,p'-Biphenyldiamine """,-2.7,-2.613,-3.170324685012714
CC1CC2C3CCC4=CC(=O)C=CC4(C)C3(F)C(O)CC2(C)C1(O)C(=O)CO,ESOL_Dexamethasone,-3.59,-3.4,-3.796533579956001
ClC(Cl)=C(Cl)Cl,ESOL_Tetrachloroethylene,-2.54,-3.063,-3.166031190881
Cc1ccc(-c2ccccc2)cc1,ESOL_4-Methylbiphenyl,-4.62,-4.424,-3.9349608456777867
CC(=O)OCC(COC(C)=O)OC(C)=O,ESOL_Glyceryl triacetate,-0.6,-1.285,-1.1484368789779995
CSc1nnc(C(C)(C)C)c(=O)n1N,ESOL_Metribuzin,-2.253,-2.324,-1.6118485419148567
NS(=O)(=O)c1cc(C2(O)NC(=O)c3ccccc32)ccc1Cl,ESOL_Chlorthalidone,-3.451,-2.564,-2.905570280173728
Clc1ccccc1-c1ccccc1,ESOL_2-Chlorobiphenyl,-4.54,-4.528,-4.329206893122387
CCNc1nc(NC(C)C)nc(OC)n1,ESOL_Atratone,-2.084,-3.185,-2.098752407938
Cc1cccc(C)c1C,"ESOL_""1,2,3-Trimethylbenzene """,-3.2,-3.312,-2.7550833218525344
c1ccc2c(c1)Cc1ccccc1-2,ESOL_Fluorene,-5,-4.125,-3.6369865411383855
N#Cc1ccccc1,ESOL_Benzonitrile,-1,-2.03,-1.8868859076025997
CNC(=O)Oc1ccccc1,ESOL_Metolcarb,-1.803,-1.947,-1.9778292165857272
CC1CCCO1,ESOL_2-Methyltetrahydrofurane,0.11,-1.034,-1.228905860498
Cc1c[nH]c(=O)[nH]c1=O,ESOL_thymine,-1.506,-0.78,0.3265063784382668
CNC(=O)ON=C(SC)C(=O)N(C)C,ESOL_Oxamyl,0.106,-0.908,-1.233854555984
ICI,ESOL_Diiodomethane,-2.34,-2.958,-2.9245133362699995
CC(=O)C(C)(C)C,"ESOL_""3,3-Dimethyl-2-butanone""",-0.72,-1.25,-1.6318572766219999
Clc1ccc(-c2ccc(Cl)c(Cl)c2Cl)c(Cl)c1,"ESOL_""2,3',4,4'-PCB""",-7.8,-6.709,-7.124628615884884
COCCCNc1nc(NC(C)C)nc(SC)n1,ESOL_Methoproptryne,-2.928,-3.259,-2.976254087727667
Oc1ccccc1O,"ESOL_""1,2-Benzenediol""",0.62,-1.635,-1.5922257622729998
CCNc1nc(Cl)nc(NC(C)(C)C#N)n1,ESOL_Cyanazine,-3.15,-2.49,-2.7046288529546
CN(C)C(=O)Nc1cccc(C(F)(F)F)c1,ESOL_Fluorometuron,-3.32,-3.065,-3.48477926447
CCCCC(=O)OCC,ESOL_Pentyl propanoate,-2.25,-1.899,-1.859469333836
CN(C)C(=O)C(c1ccccc1)c1ccccc1,ESOL_diphenamid,-2.98,-3.147,-3.7164233918093346
CC(O)C(C)(C)C,"ESOL_""3,3-Dimethyl-2-butanol""",-0.62,-1.292,-1.490896783208
C#CC1(OC(C)=O)CCC2C3CCC4=CC(=O)CCC4C3CCC21C,ESOL_norethindrone acetate,-4.8,-4.241,-5.054336541008004
CN(C)C(=O)Nc1ccccc1,ESOL_Fenuron,-1.6,-1.847,-2.328582385794
Clc1ccc(-c2ccccc2)cc1Cl,"ESOL_""3,4-PCB""",-6.39,-5.223,-5.023933658460716
CCCCC(C)(C)O,ESOL_2-Methyl-2-hexanol,-1.08,-1.663,-1.950810575792
CCCOCC,ESOL_Ethyl propyl ether,-0.66,-1.072,-1.3789738941499998
CC(C)Oc1cc(-n2nc(C(C)(C)C)oc2=O)c(Cl)cc1Cl,ESOL_Oxadiazon,-5.696,-5.265,-5.346482595657004
CCc1ccc2ccccc2c1,ESOL_2-Ethylnaphthalene,-4.29,-4.1,-3.628961394427668
CC(N)=O,ESOL_Acetamide,1.58,0.494,0.21176636910100005
COP(=O)(OC)OC(Br)C(Cl)(Cl)Br,ESOL_Naled,-2.28,-3.548,-4.9736159857910005
Cc1cc(C)c(C)c(C)c1C,ESOL_Pentamethylbenzene,-4,-3.993,-3.359825892238729
COc1ccc(NC(=O)N(C)C)cc1Cl,ESOL_Metoxuron,-2.564,-2.683,-3.204868846084
OC(c1ccccc1)C(O)c1ccccc1,ESOL_hydrobenzoin,-1.93,-2.645,-3.2559167159390006
COc1ncnc2nccnc21,ESOL_4-methoxypteridine,-1.11,-1.589,-1.4608891857016668
CCOC(=O)c1ccc(N)cc1,ESOL_Benzocaine,-2.616,-2.383,-2.0867865986519996
CCC(C)C1(CC)C(=O)NC(=O)NC1=O,ESOL_Butabarbital,-2.39,-1.958,-1.7445273238399992
ClCC(Cl)Cl,"ESOL_""1,1,2-Trichloroethane""",-1.48,-1.961,-2.1591949428200006
COP(=S)(OC)Oc1cc(Cl)c(Cl)cc1Cl,ESOL_Ronnel,-5.72,-5.247,-5.383989994550002
Brc1ccc(Br)cc1,"ESOL_""1,4-Dibromobenzene""",-4.07,-4.298,-4.012537358699001
CCCCC(=O)OC,ESOL_Propyl propanoate,-1.34,-1.545,-1.490748563159
CON(C)C(=O)Nc1ccc(Cl)cc1,ESOL_Monolinuron,-2.57,-2.948,-3.0629668800868575
CCN1c2nc(N(C)CCO)ccc2NC(=O)c2cccnc21,ESOL_RTI 6,-3.36,-3.335,-3.2168749854190866
CCCC(C)C1(CC)C(=O)NC(=S)NC1=O,ESOL_thiopental,-3.36,-2.96,-2.34436002344
c1ccncc1,ESOL_Pyridine,0.76,-1.481,-1.4591835538989997
CCN1c2ncccc2C(=O)N(C)c2cccnc21,ESOL_Reverse Transcriptase inhibitor 1,-2.62,-2.794,-3.3461865576905785
CCC1(CCC(C)C)C(=O)NC(=O)NC1=O,ESOL_Amobarbital,-2.468,-2.312,-2.1132480945169996
ClCBr,ESOL_Bromochloromethane,-0.89,-1.519,-1.8127023979189998
Oc1ncc2nccnc2n1,ESOL_2-hydroxypteridine,-1.947,-1.404,-1.1837243053295454
Fc1cccc(F)c1,"ESOL_""1,3-Difluorobenzene""",-2,-2.636,-2.2629299714630005
OC(Cn1cncn1)(Cn1cncn1)c1ccc(F)cc1F,ESOL_fluconazole,-1.8,-2.418,-2.563004343596636
ClC1=C(Cl)C2(Cl)C3C4CC(C5OC54)C3C1(Cl)C2(Cl)Cl,ESOL_Dieldrin,-6.29,-4.533,-5.669964999395001
Nc1cccc2nc3ccccc3cc12,ESOL_1-aminoacridine,-4.22,-3.542,-3.6165342602376676
O=C(Nc1ccccc1)Nc1ccccc1,ESOL_Carbanilide,-3.15,-3.611,-3.877702916129001
CCNc1nc(NC(C)(C)C)nc(SC)n1,ESOL_Terbutryn,-4,-3.75,-3.112723401356
CCCCCC(O)CC,ESOL_3-Octanol,-1.98,-2.033,-2.303725756469
CCCCOCN(C(=O)CCl)c1c(CC)cccc1CC,ESOL_butachlor,-4.19,-4.347,-4.905654730343575
CC12CCC3C(CCC4CC(O)CCC43C)C1CCC2=O,ESOL_Androsterone,-4.402,-3.882,-4.670315358074002
Oc1cc(Cl)c(Cl)c(Cl)c1Cl,"ESOL_""2,3,4,5-Tetrachlorophenol""",-3.15,-4.335,-4.502534719255727
CC1CO1,"ESOL_""1,2-Propylene oxide""",-0.59,-0.358,-0.45985313914399994
CON(C)C(=O)Nc1ccc(Cl)c(Cl)c1,ESOL_Linuron,-3.592,-3.581,-3.770951248612001
Clc1ccccc1,ESOL_Chlorobenzene,-2.38,-2.975,-2.5691641738027142
CC(=O)SC1CC2=CC(=O)CCC2(C)C2CCC3(C)C(CCC34CCC(=O)O4)C12,ESOL_Spironolactone,-4.173,-3.842,-6.154996290038006
CCSCCSP(=S)(OC)OC,ESOL_Thiometon,-3.091,-3.323,-3.541920795017001
CN(C)C(=O)Nc1ccc(Cl)cc1,ESOL_Monuron,-2.89,-2.671,-3.033057388769693
Cc1cccc2c1Cc1ccccc1-2,ESOL_1-Methylfluorene,-5.22,-4.478,-3.9374672590321165
CCN(CC)C(=O)C(C)Oc1cccc2ccccc21,ESOL_Napropamide,-3.57,-4.088,-4.264725769152002
CC(=O)OCC(=O)C1(O)CCC2C3CCC4=CC(=O)CCC4(C)C3C(=O)CC21C,ESOL_cortisone acetate,-4.21,-3.426,-4.3263965374790025
CC=CCCCC,ESOL_trans-2-Heptene,-3.82,-2.784,-2.426859603446001
Oc1cc(Cl)cc(Cl)c1Cl,"ESOL_""2,3,5-Trichlorophenol""",-2.67,-3.78,-3.8037668663149997
O=c1[nH]c2cc(Cl)ccc2o1,ESOL_Chlorzoxazone,-2.831,-2.679,-2.163161150028091
O=C1c2ccccc2C(=O)C(C2CCC(c3ccc(Cl)cc3)CC2)=C1O,"ESOL_""Atovaquone(0,430mg/ml) - neutral""",-5.931,-6.269,-6.467103098651698
Oc1ccc2ccccc2c1,ESOL_2-Napthol,-2.28,-3.08,-2.9539199851295455
FC(F)(F)c1ccccc1,ESOL_Benzyltrifluoride,-2.51,-3.099,-2.960349493775001
C=CC,ESOL_Propylene,-1.08,-1.235,-0.9361709307380001
Cc1ccc2cc3ccccc3cc2c1,ESOL_2-Methylanthracene,-6.96,-4.87,-4.591641619467068
Clc1cccc(Cl)c1-c1ccccc1,"ESOL_""2,6-PCB""",-5.21,-4.984,-5.023933658460716
O=C1NC(=O)C2(CC2)C(=O)N1,ESOL_Cyclopropyl-5-spirobarbituric acid,-1.886,-0.088,-0.16454050781899987
N#Cc1cc(Br)c(O)c(Br)c1,ESOL_bromoxynil,-3.33,-3.793,-3.9034208201873266
CCCCCCCCCCCCCCCCCCO,ESOL_1-Octadecanol,-8.4,-5.649,-5.976315921671005
NS(=O)(=O)c1cc2c(cc1Cl)N=CNS2(=O)=O,ESOL_chlorothiazide,-3.05,-1.752,-1.8304966951269415
C=C(C)C,ESOL_2-Methylpropene,-2.33,-1.573,-1.3206972914150001
Clc1ccc(Cl)c(-c2cccc(Cl)c2Cl)c1,"ESOL_""2,2',3,5'-PCB""",-6.47,-6.155,-6.422160603011001
BrCCBr,"ESOL_""1,2-Dibromoethane""",-1.68,-2.102,-2.3398529574410003
Oc1c(Cl)ccc(Cl)c1Cl,"ESOL_""2,3,6-Trichlorophenol""",-2.64,-3.572,-3.8037668663149997
O=[N+]([O-])c1ccc([N+](=O)[O-])cc1,"ESOL_""1,4-Dinitrobenzene""",-3.39,-2.281,-2.1650087329769994
O=C(NC(CO)C(O)c1ccc([N+](=O)[O-])cc1)C(Cl)Cl,ESOL_Chloramphenicol,-2.111,-2.613,-2.6223856957970004
C1=CCCCC1,ESOL_Cyclohexene,-2.59,-2.16,-1.8934532575490002
C1CCCCCCC1,ESOL_Cyclooctane,-4.15,-3.355,-2.8424670681830015
Cc1ccc(S(N)(=O)=O)cc1,ESOL_p-Toluenesulfonamide,-1.74,-1.815,-1.5789899001431271
c1ccnnc1,ESOL_Pyridazine,1.1,-0.619,-1.0166346339489998
Cc1ccc2c(ccc3c4c5c(cccc5cc32)CC4)c1,ESOL_3-Methylcholanthrene,-7.92,-6.311,-6.0087604779721175
Clc1cc(Cl)c(Cl)c(-c2c(Cl)c(Cl)cc(Cl)c2Cl)c1Cl,"ESOL_""2,2',3,3',5,5',6,6'-PCB""",-9.15,-8.304,-9.241425368183
C#CC1(O)CCC2C3CCC4=Cc5oncc5CC4(C)C3CCC21C,ESOL_Danazol,-5.507,-4.557,-5.253722764587004
BrC(Br)Br,ESOL_Tribromomethane,-1.91,-2.904,-3.298177626086
Clc1ccc(-c2cc(Cl)c(Cl)c(Cl)c2Cl)cc1Cl,"ESOL_""2,3,3',4,4',5-PCB""",-7.82,-7.425,-7.828836020180335
CCCN(CCC)c1c([N+](=O)[O-])cc(C(C)C)cc1[N+](=O)[O-],ESOL_Isopropalin,-6.49,-5.306,-4.986675334959368
Cc1ncc2nccnc2n1,ESOL_2-methylpteridine,-0.12,-1.24,-1.6179996680909454
C=CCc1ccc(O)c(OC)c1,ESOL_Eugenol,-1.56,-2.675,-2.5878469038780003
Clc1cccc(-c2cc(Cl)ccc2Cl)c1,"ESOL_""2,3',5-PCB""",-6.01,-5.762,-5.721779859843002
C1CCCCC1,ESOL_Cyclohexane,-3.1,-2.477,-2.0734143468290003
CCOc1ccc(NC(C)=O)cc1,ESOL_Phenacetin,-2.35,-2.342,-2.596380385823692
C=CCc1ccc(OC)cc1,ESOL_Estragole,-2.92,-3.074,-2.714374680688728
C=C(Cl)CSC(=S)N(CC)CC,ESOL_Sulfallate,-3.39,-3.254,-3.485905455143001
c1ccc(-c2ccc(-c3ccccc3)cc2)cc1,ESOL_p-terphenyl,-7.11,-5.741,-5.375026371829003
CCCCN(CC)C(=O)SCCC,ESOL_Pebulate,-3.53,-3.131,-3.518599501649002
C1CCOC1,ESOL_Tetrahydrofurane,0.49,-0.62,-0.8455675482530001
CCCC(C)(C)CO,"ESOL_""2,2-Dimethylpentanol""",-1.52,-1.719,-1.8450000123169998
CCOC(=O)c1ccccc1S(=O)(=O)NN(C=O)c1nc(Cl)cc(OC)n1,ESOL_Chlorimuron-ethyl (ph 7),-4.576,-3.719,-3.457154901671223
CNN,ESOL_Methyl hydrazine,1.34,0.543,0.6056489281180002
Clc1ccc(-c2cccc(Cl)c2Cl)cc1,"ESOL_""2,3,4'-PCB""",-6.26,-5.686,-5.721779859843002
CCN1c2ncccc2C(=O)Nc2c(C(F)(F)F)cc(C)nc21,ESOL_RTI 13,-4.207,-4.45,-4.7187305131234885
CCCC(C)O,ESOL_2-Pentanol,-0.29,-0.97,-1.197563444438
CCN1c2ncccc2C(=O)Nc2c(C)cc(C)nc21,ESOL_RTI 15,-4.554,-3.891,-3.8698254035948008
CCN1c2ccccc2N(C)C(=S)c2cccnc21,ESOL_RTI 17,-4.706,-4.227,-4.29488061857158
Oc1c(Cl)cc(Cl)c(Cl)c1Cl,"ESOL_""2,3,4,6-Tetrachlorophenol""",-3.1,-4.203,-4.502534719255727
COc1cccc(Cl)c1,ESOL_3-Chloroanisole,-2.78,-3.057,-2.6952239024723337
CC=Cc1ccc(OC)cc1,ESOL_Anethole,-3.13,-3.254,-2.9563549909307274
CCC1(C2=CCC3CCC2C3)C(=O)NC(=O)NC1=O,ESOL_Reposal,-2.696,-2.781,-2.6188851449209998
CCCC(O)CC,ESOL_3-Hexanol,-0.8,-1.324,-1.5662842151149998
c1cc2c3c(cccc3c1)CC2,ESOL_Acenapthene,-4.63,-3.792,-3.2867471364016674
Cc1ccc(Cl)cc1,ESOL_4-Chlorotoluene,-3.08,-3.297,-2.855022535240401
CC,ESOL_Ethane,-1.36,-1.132,-0.7316056593410001
O=c1c(O)c(-c2ccc(O)cc2O)oc2cc(O)cc(O)c21,ESOL_Morin,-3.083,-2.731,-3.5287139117906365
CN(C)C(=O)OC1=CC(=O)CC(C)(C)C1,ESOL_dimetan,-0.85,-2.304,-2.601185375369
CCCC(C)C1(CC)C(=O)NC(=O)NC1=O,ESOL_Pentobarbital,-2.39,-2.312,-2.113248094516999
O=C1NC(=O)C2C=CC=CC12,ESOL_phthalamide,-2.932,-0.636,-0.7758493635409999
Nc1cccc2ccccc12,ESOL_1-Napthylamine,-1.92,-2.721,-2.855636908611546
CCN(CC)c1nc(Cl)nc(NC(C)C)n1,ESOL_Ipazine,-3.785,-3.497,-3.095986096322
CCCOCCC,ESOL_Dipropyl ether,-1.62,-1.426,-1.747694664827
c1ccc2ccccc2c1,ESOL_Napthalene,-3.6,-3.468,-3.0965766642130013
CC1CCCCC1NC(=O)Nc1ccccc1,ESOL_Siduron,-4.11,-3.779,-3.9143106409059416
Cc1cccc2c1ccc1ccccc12,ESOL_1-Methylphenanthrene,-5.85,-4.87,-4.591641619467069
Fc1ccccc1,ESOL_Fluorobenzene,-1.8,-2.514,-2.075994868191714
CN(C)C(=O)Nc1cccc(OC(=O)NC(C)(C)C)c1,ESOL_karbutilate,-2.93,-2.655,-3.6315864248570007
O=C1NC(=O)C(c2ccccc2)(c2ccccc2)N1,ESOL_Phenytoin,-4.097,-3.057,-2.978868333840579
COC(C)(C)C,ESOL_Methyl t-butyl ether,-0.24,-0.984,-1.4093970257179997
CCCCc1ccccc1,ESOL_Butylbenzene,-4.06,-3.585,-3.0887637137510007
C=CC(O)CCC,ESOL_1-Hexene-3-ol,-0.59,-1.199,-1.3863231258349997
Cc1c(C)c(C)c(C)c(C)c1C,ESOL_Hexamethylbenzene,-5.23,-4.361,-3.667573478189402
COc1ccc2ccc(=O)oc2c1CC=C(C)C,ESOL_osthole,-4.314,-4.076,-4.02611387782578
CCN(CC)C(=O)CSc1ccc(Cl)nn1,ESOL_Azintamide,-1.716,-2.231,-3.113529010052
CC(C)(C)Cc1ccccc1,ESOL_t-Pentylbenzene,-4.15,-3.867,-3.3627423697937284
CCCCCCc1ccc(O)cc1O,ESOL_4-hexylresorcinol,-2.59,-3.493,-3.544578503171857
CNC(=O)C=C(C)OP(=O)(OC)OC,ESOL_Azodrin,0.651,-0.949,-1.9631028415159995
Oc1ccc(Cl)c(Cl)c1,"ESOL_""3,4-Dichlorophenol""",-1.25,-3.352,-3.109300053980334
CNC(=O)ON=C(CSC)C(C)(C)C,ESOL_thiofanox,-1.62,-2.7,-2.7128277888919996
Oc1cccc(Cl)c1Cl,"ESOL_""2,3-Dichlorophenol""",-1.3,-3.144,-3.1093000539803333
CC1=C(C(=O)Nc2ccccc2)S(=O)(=O)CCO1,ESOL_Oxycarboxin,-2.281,-2.169,-2.611399272165667
Clc1ccc(Cl)c(Cl)c1,"ESOL_""1,2,4-Trichlorobenzene""",-3.59,-4.083,-3.9378214641863343
CCCCC1C(=O)N(c2ccccc2)N(c2ccccc2)C1=O,ESOL_phenylbutazone,-3.81,-4.076,-4.770512259349089
CCCCN(CC)c1c([N+](=O)[O-])cc(C(F)(F)F)cc1[N+](=O)[O-],ESOL_Benfluralin,-5.53,-5.205,-5.080070332794047
CCCCCCCCC(=O)OCC,ESOL_Ethyl nonanoate,-3.8,-3.316,-3.3343524165440015
Cc1ccccc1-n1c(C)nc2ccccc2c1=O,ESOL_Methaqualone,-2.925,-3.881,-3.9715347445449063
Cc1nnc2n1-c1ccc(Cl)cc1C(c1ccccc1Cl)=NC2,ESOL_Triazolam,-4.09,-3.948,-5.47743104935436
Nc1ccc(O)cc1,ESOL_p-Aminophenol,-0.8,-1.231,-1.493942685755
OCC(O)C1OC2OC(C(Cl)(Cl)Cl)OC2C1O,ESOL_chloralose,-1.84,-1.887,-1.4684822542340001
CCOP(=S)(CC)Oc1cc(Cl)c(Cl)cc1Cl,ESOL_Trichloronate,-5.752,-5.225,-6.071996898024943
CCCCCCCCO,ESOL_1-Octanol,-2.39,-2.105,-2.289108214901001
c1ccc2cnccc2c1,ESOL_Isoquinoline,-1.45,-2.531,-2.6540277442630003
Oc1cc(Cl)c(Cl)cc1Cl,"ESOL_""2,4,5-Trichlorophenol """,-2.21,-3.78,-3.803766866315
C=CC=C,"ESOL_""1,3-Butadiene""",-1.87,-1.376,-1.124930612135
CCOCCOCC,"ESOL_""1,2-Diethoxyethane """,-0.77,-0.833,-1.2730949976050003
CCCOC(=O)CCC,ESOL_Ethyl pentanoate,-1.75,-1.899,-1.859469333836
c1nc2ccccc2s1,ESOL_benzothiazole,-1.5,-2.733,-2.740467784318
CCC(C)C(C)=O,ESOL_3-Methyl-2-pentanone,-0.67,-1.266,-1.6160516866219998
Oc1cccc2ccccc12,ESOL_1-Napthol,-2.22,-3.08,-2.953919985129546
COP(=O)(OC)C(O)C(Cl)(Cl)Cl,ESOL_Trichlorfon,-0.22,-1.866,-3.04862678606
C=CC(=O)OC,ESOL_Methyl acrylate,-0.22,-0.878,-0.573345932525
CC1=CC(=O)c2ccccc2C1=O,ESOL_Menadione,-3.03,-2.667,-2.5884054634376925
CCOC=O,ESOL_Ethyl formate,0.15,-0.402,-0.36878066112799995
COc1ccccc1OCC(O)COC(N)=O,ESOL_Methocarbamol,-0.985,-1.428,-1.8060812554239407
Clc1ccc(-c2cc(Cl)ccc2Cl)cc1,"ESOL_""2,4,5-PCB""",-6.27,-5.762,-5.721779859843002
CNc1ccccc1,ESOL_N-Methylaniline,-1.28,-2.097,-2.024593931708
CN(C)C(=O)Nc1ccc(-n2nc(C(C)(C)C)oc2=O)c(Cl)c1,ESOL_Dimefuron,-4.328,-3.831,-4.2792074815639145
O=C1Nc2ccc(Cl)cc2C(c2ccccc2)=NC1O,ESOL_Oxazepam,-3.952,-3.517,-3.7200801206
CC(=O)Nc1ccc(Cl)cc1,ESOL_p-Chloroacetanilide,-2.843,-2.642,-2.7819110761577273
CC1OC(OC2C(C)OC(OC3C(C)OC(OC4CCC5(C)C(CCC6C5CC(O)C5(C)C(C7=CC(=O)OC7)CCC65O)C4)CC3O)CC2O)CC(O)C1O,"ESOL_""Digoxin (L1=41,8mg/mL, L2=68,2mg/mL, Z=40,1mg/mL)""",-4.081,-5.312,-6.584220579104001
NC(=O)NCc1ccccc1,ESOL_benzylurea,-0.95,-1.509,-1.5628569799127268
Cc1ccc([N+](=O)[O-])cc1,ESOL_p-Nitrotoluene,-2.49,-2.64,-2.3040217141364003
CNC(=O)Oc1cccc2ccccc21,ESOL_Carbaryl,-3.224,-3.087,-3.215683813010334
Cc1ccc(N=CN(C)C=Nc2ccc(C)cc2C)c(C)c1,ESOL_Amitraz,-5.47,-5.533,-5.49847257454733
CCOc1ccc2nc(S(N)(=O)=O)sc2c1,ESOL_Ethoxyzolamide,-3.81,-3.085,-2.66226534104
Oc1ccc(-c2ccccc2)cc1,ESOL_p-Phenylphenol,-3.48,-3.701,-3.5006854829163863
CCc1ccccc1,ESOL_Ethylbenzene,-2.77,-2.988,-2.4045475498970004
CCNc1nc(Cl)nc(N(CC)CC)n1,ESOL_Trietazine,-4.06,-3.233,-2.7215186803269997
CCOP(=S)(OCC)Oc1cc(C)nc(C(C)C)n1,ESOL_Diazinon,-3.64,-3.989,-4.487781382157192
Cc1cc(C)c(C)cc1C,"ESOL_""1,2,4,5-Tetramethylbenzene""",-4.59,-3.664,-3.055304086742601
CCOC(C)=O,ESOL_Ethyl acetate,-0.04,-0.77,-0.753307021805
FC(F)(Cl)C(F)(F)Cl,"ESOL_""1,2-Dichlorotetrafluoroethane""",-2.74,-2.697,-2.873799302159
CCCCCCCCCCCCCCCCCCCC,ESOL_Eicosane,-8.172,-7.576,-7.384385121527005
Cn1cnc2c1c(=O)[nH]c(=O)n2C,ESOL_theobromine,-2.523,-1.05,-0.10055614174653804
c1ccc2c(c1)-c1cccc3c1c-2cc1ccccc13,ESOL_Benzo(b)fluoranthene,-8.23,-6.007,-6.015685491475002
CCOP(=S)(OCC)SCSP(=S)(OCC)OCC,ESOL_Ethion,-5.54,-5.471,-5.893480668548004
CC(C)C(C(=O)OC(C#N)c1cccc(Oc2ccccc2)c1)c1ccc(OC(F)F)cc1,ESOL_Flucythrinate,-6.876,-6.878,-7.776530309444332
CCCCO,ESOL_1-Butanol,0,-0.688,-0.8142251321929999
CC12CCC3C(CCC4=CC(=O)CCC43C)C1CCC2=O,ESOL_Androstenedione,-3.69,-3.393,-4.738313374115003
c1ccc2c(c1)CCN2,ESOL_indoline,-1.04,-2.195,-2.0373363801923334
C#CCCCC,ESOL_1-Hexyne,-2.36,-1.801,-1.634033790713
Nc1nccs1,ESOL_aminothiazole,-0.36,-1.226,-1.2778023345646667
OC1CCCCCCC1,ESOL_Cyclooctanol,-1.29,-2.14,-2.1864569512489997
C=CC(=C)C,"ESOL_""2-Methyl-1,3-Butadiene """,-2.03,-1.714,-1.509456972812
CC(=O)Nc1ccc(Br)cc1,ESOL_p-Bromoacetanilide,-3.083,-3.012,-3.1635454641647267
CCCCN(C)C(=O)Nc1ccc(Cl)c(Cl)c1,ESOL_Neburon,-4.77,-4.157,-4.818808026513944
Nc1nc2[nH]cnc2c(=O)[nH]1,ESOL_guanine,-3.583,-0.67,0.20991762343190945
CCOP(=O)(OCC)OCC,ESOL_Triethyl phosphate,0.43,-0.953,-2.539889493647
NC(=O)NC1NC(=O)NC1=O,ESOL_allantoin,-1.6,0.652,0.8145693029290001
CC(=O)C1(O)CCC2C3CC(C)C4=CC(=O)C=CC4(C)C3(F)C(O)CC21C,ESOL_Fluoromethalone,-4.099,-3.507,-4.467161238458002
c1ccc(C2CO2)cc1,ESOL_styrene oxide,-1.6,-1.826,-2.104889008283333
O=C1OC(c2ccc(O)cc2)(c2ccc(O)cc2)c2ccccc21,ESOL_phenolphthalein,-2.9,-4.59,-4.797122084894001
CCCC(C)(C)C,"ESOL_""2,2-Dimethylpentane""",-4.36,-2.938,-2.5156276708190006
CCCCl,ESOL_1-Chloropropane,-1.47,-1.585,-1.495819563371
Sc1nc2ccccc2s1,ESOL_mercaptobenzothiazole,-3.18,-3.411,-3.1362234126170003
CCOC(=O)NCCOc1ccc(Oc2ccccc2)cc1,ESOL_Fenoxycarb,-4.7,-4.662,-4.531474300165729
CC1(C)C(C=C(Cl)Cl)C1C(=O)OCc1cccc(Oc2ccccc2)c1,ESOL_Permethrin,-6.291,-7.129,-7.0050386313656965
CCCCCCCCC(C)=O,ESOL_2-Decanone,-3.3,-2.617,-3.1821277912370016
CC(C)CC(C)(C)C,"ESOL_""2,2,4-Trimethylpentane""",-4.74,-3.276,-2.793155419589001
Cc1[nH]c(=O)n(C(C)(C)C)c(=O)c1Cl,ESOL_Terbacil,-2.484,-3.033,-1.9407365712202571
CCc1ccccn1,ESOL_2-Ethyl pyridine,0.51,-2.051,-1.9619986299469998
CC12CCC3c4ccc(O)cc4CCC3C1CC(O)C2O,ESOL_estriol,-4.955,-3.858,-3.733741651145572
OCC1OC(CO)(OC2OC(CO)C(O)C(O)C2O)C(O)C1O,ESOL_Sucrose,0.79,0.31,2.0041963661949946
OC(Cn1cncn1)(c1ccc(F)cc1)c1ccccc1F,ESOL_Flutriafol,-3.37,-3.569,-3.8655875191513642
CCCCCOC(C)=O,ESOL_Pentyl acetate,-1.89,-1.833,-1.859469333836
CCC1(c2ccccc2)C(=O)NC(=O)NC1=O,ESOL_5-Ethyl-5-phenylbarbital,-2.322,-2.272,-1.9505933551779409
CCCOC,ESOL_Methyl propyl ether,-0.39,-0.718,-1.010253123473
O=Cc1ccc2c(c1)OCO2,ESOL_piperonal,-1.63,-2.033,-1.871033071195727
CC(=O)OCC(=O)C1(O)CCC2C3CCC4=CC(=O)C=CC4(C)C3C(O)CC21C,ESOL_prednisolone acetate,-4.37,-3.507,-4.005474954785001
C=CCSS(=O)CC=C,ESOL_allicin,-0.83,-2.045,-2.088092606648
CCC(c1ccc(O)cc1)C(CC)c1ccc(O)cc1,ESOL_Hexestrol,-4.43,-4.854,-5.281824945371003
CCSCC,ESOL_Diethyl sulfide,-1.34,-1.598,-1.651019002355
CCOC(=O)c1cncn1C(C)c1ccccc1,ESOL_Etomidate,-4.735,-3.359,-3.5381324436795567
COc1cc(C2c3cc4c(cc3C(OC3OC5COC(C)OC5C(O)C3O)C3COC(=O)C32)OCO4)cc(OC)c1O,"ESOL_""Etoposide (148-167,25mg/ml)""",-3.571,-3.292,-4.763035157717571
O=c1[nH]c2[nH]c(=O)[nH]c(=O)c2[nH]1,ESOL_uric acid,-3.93,-0.541,1.5741679097290004
Clc1ccc(-c2cc(Cl)c(Cl)c(Cl)c2Cl)c(Cl)c1,"ESOL_""2,3',4,4',5-PCB""",-7.39,-7.343,-7.828836020180335
CCOP(=S)(OCC)Oc1ccc2oc(=O)c(Cl)c(C)c2c1,ESOL_Coumaphos,-5.382,-5.04,-5.576390807046677
COc1ccccc1[N+](=O)[O-],ESOL_o-Nitroanisole,-1.96,-2.346,-2.154438052807727
CCCC(C)(COC(N)=O)COC(N)=O,ESOL_Meprobamate,-1.807,-1.376,-1.846071681935
CCCc1ccccc1,ESOL_Propylbenzene,-3.37,-3.281,-2.743698666407334
CC1CCC(C)CC1,"ESOL_""trans-1,4-Dimethylcyclohexane""",-4.47,-3.305,-2.6284698443690004
ClC=C(Cl)Cl,ESOL_Trichloroethylene,-1.96,-2.312,-2.5124345356760003
CN(C)c1nc(N(C)C)nc(N(C)C)n1,ESOL_Altretamine,-3.364,-2.492,-1.334621828809
CCCCCCC(=O)OCN1C(=O)NC(c2ccccc2)(c2ccccc2)C1=O,ESOL_3-Heptanoyloxymethylphenytoin,-6.301,-4.496,-5.358152417240209
CC#N,ESOL_Acetonitrile,0.26,0.152,-0.4373516138846
CCCOC=O,ESOL_Propyl formate,-0.49,-0.757,-0.7375014318049999
c1ccc2c(c1)ccc1c2ccc2c3ccccc3ccc21,ESOL_Picene,-7.87,-6.618,-6.681109235305002
CC1(O)CCC2C3CCC4=CC(=O)CCC4(C)C3CCC21C,ESOL_17a-Methyltestosterone,-3.999,-4.073,-4.981879241378003
C=CC=O,ESOL_Acrolein,0.57,-0.184,-0.4053157172179999
CCCC,ESOL_Butane,-2.57,-1.907,-1.484852790695
CCCCCCCBr,ESOL_1-Bromoheptane,-4.43,-3.366,-3.3872359567760015
OC1C=CC2C1C1(Cl)C(Cl)=C(Cl)C2(Cl)C1(Cl)Cl,ESOL_hydroxychlordene,-5.46,-4.156,-5.132701980166999
CCOP(=S)(OCC)SCn1c(=O)oc2cc(Cl)ccc21,ESOL_Phosalone,-5.233,-5.024,-5.440680035456859
O=c1[nH]cnc2nc[nH]c21,ESOL_Hypoxanthine,-2.296,-0.656,-0.027796351714999834
NS(=O)(=O)c1cc2c(cc1Cl)NC(C(Cl)Cl)NS2(=O)=O,ESOL_trichlormethiazide,-2.68,-2.98,-3.0251492485370006
CCC(C)(C)CC,"ESOL_""3,3-Dimethylpentane""",-4.23,-2.938,-2.5156276708190006
CC(=O)C1CCC2C3CC=C4CC(O)CCC4(C)C3CCC12C,ESOL_pregnenolone,-4.65,-4.342,-5.243601400148004
CNC(=O)Oc1ccc(N(C)C)c(C)c1,ESOL_Aminocarb,-2.36,-2.677,-2.5745724258064
Cc1ccc2ccccc2c1,ESOL_2-Methylnapthalene,-3.77,-3.802,-3.3881953478909463
O=C(Nc1ccccc1)N(Cc1ccc(Cl)cc1)C1CCCC1,ESOL_Pencycuron,-5.915,-5.126,-6.02834672825209
CC(Cl)(Cl)Cl,"ESOL_""1,1,1-Trichloroethane""",-2,-2.232,-2.433104054672001
CCC(C)CCO,ESOL_3-Methyl-2-pentanol,-0.71,-1.308,-1.4604736516399999
CCCCCc1ccccc1,ESOL_Pentylbenzene,-4.64,-3.899,-3.438129801700729
CCCC1C(=O)N2c3cc(C)ccc3N=C(N(C)C)N2C1=O,ESOL_Apazone,-3.538,-2.9,-3.379721884442764
CCC(=O)Nc1ccc(Cl)c(Cl)c1,ESOL_Propanil,-3,-3.644,-3.8389779475376935
CCCC(=O)OC,ESOL_Propyl butyrate,-1.92,-1.191,-1.122027792482
COc1cnc2ncncc2n1,ESOL_6-methoxypteridine,-1.139,-1.589,-1.4608891857016668
O=c1ccnc(S)[nH]1,ESOL_thiouracil,-2.273,-0.992,-0.5847954427759998
C=CC(C)C,ESOL_3-Methyl-1-Butene,-2.73,-1.994,-1.582419450185
C=CCC1(C)C(=O)NC(=O)NC1=O,ESOL_5-Allyl-5-methylbarbital,-1.16,-1.013,-0.9183177151129995
Cc1c2ccccc2c(C)c2ccccc12,"ESOL_""9,10-Dimethylanthracene""",-6.57,-5.228,-4.894819349773802
CC=C(C(=CC)c1ccc(O)cc1)c1ccc(O)cc1,ESOL_Dienestrol,-4.95,-4.775,-5.152066541009003
OC1C(O)C(O)C(O)C(O)C1O,ESOL_d-inositol,0.35,-0.887,1.8626463547750007
CC(C)(C)c1ccccc1,ESOL_t-Butylbenzene,-3.66,-3.554,-3.086886778574001
Oc1cccc2cccnc12,ESOL_8-quinolinol,-2.42,-2.725,-2.511371065179545
CCOC(=O)CC(SP(=S)(OC)OC)C(=O)OCC,ESOL_Malathion,-3.37,-3.391,-3.4021636698530004
CC(=O)N(C)C,"ESOL_""N,N-Dimethylacetamide""",1.11,0.123,-0.40983014538199974
COC(=O)c1cccnc1,ESOL_methyl nicotinate,-0.46,-1.621,-1.519682444081
C=CCC1(C(C)CCC)C(=O)NC(=O)NC1=O,ESOL_Secobarbital,-2.356,-2.415,-2.302007775913999
Nc1cccc([N+](=O)[O-])c1,ESOL_m-Nitroaniline,-2.19,-1.936,-1.771463274857
OCC(O)C(O)C(O)C(O)CO,ESOL_Sorbitol,1.09,0.647,1.7430014526910007
